agencyID,dataflowID,version,name,example data URL
ABS,ABORIGINAL_POP_PROJ,1.0.0,"Projected population, Aboriginal and Torres Strait Islander Australians, Australia, state and territories, 2016 to 2031","https://api.data.abs.gov.au/data/ABS,ABORIGINAL_POP_PROJ/POP_PROJ.3.TT.0+1+2+3+4+5+6+7+8.1.A?startPeriod=2016"
ABS,ABORIGINAL_POP_PROJ_REMOTE,1.0.0,"Projected population, Aboriginal and Torres Strait Islander Australians, Remotness Area, 2016 to 2031","https://api.data.abs.gov.au/data/ABS,ABORIGINAL_POP_PROJ_REMOTE/POP_PROJ.3.TT.0+1+2+3+4+5+6+7+8.1.A?startPeriod=2016"
ABS,ABS_ABORIGINAL_POPPROJ_INDREGION,1.0.0,"Projected population, Aboriginal and Torres Strait Islander Australians, Indigenous Regions, 2016 to 2031","https://api.data.abs.gov.au/data/ABS,ABS_ABORIGINAL_POPPROJ_INDREGION/POP_PROJ.3.TT..1.A?startPeriod=2016"
ABS,ABS_ACLD_LFSTATUS,1.0.0,"Australian Census Longitudinal Dataset (ACLD): Labour force status, 2006-2011","https://api.data.abs.gov.au/data/ABS,ABS_ACLD_LFSTATUS/3.TT..."
ABS,ABS_ACLD_TENURE,1.0.0,"Australian Census Longitudinal Dataset (ACLD): Tenure and landlord type, 2006-2011","https://api.data.abs.gov.au/data/ABS,ABS_ACLD_TENURE/3.TT..."
ABS,ABS_ACLD_UNPAIDASST,1.0.0,"Australian Census Longitudinal Dataset (ACLD): Unpaid assistance to a person with disability, 2006-2011","https://api.data.abs.gov.au/data/ABS,ABS_ACLD_UNPAIDASST/3.TT..."
ABS,ABS_ACLD_VOLWORK,1.0.0,"Australian Census Longitudinal Dataset (ACLD): Voluntary work for an organisation or group, 2006-2011","https://api.data.abs.gov.au/data/ABS,ABS_ACLD_VOLWORK/3.TT..."
ABS,ABS_ANNUAL_ERP_ASGS,1.0.0,"ERP by SA2 and above (ASGS 2011), 1991 to 2016","https://api.data.abs.gov.au/data/ABS,ABS_ANNUAL_ERP_ASGS/.STE..A?startPeriod=1991"
ABS,ABS_ANNUAL_ERP_ASGS2016,1.0.0,"ERP by SA2 and above (ASGS 2016), 2001 onwards","https://api.data.abs.gov.au/data/ABS,ABS_ANNUAL_ERP_ASGS2016/.STE..A?startPeriod=2001"
ABS,ABS_ANNUAL_ERP_LGA2016,1.0.0,"ERP by LGA (ASGS 2016), Age and Sex, 2001 to 2016","https://api.data.abs.gov.au/data/ABS,ABS_ANNUAL_ERP_LGA2016/.3..0+1+2+3+4+5+6+7+8+9.A?startPeriod=2016"
ABS,ABS_ANNUAL_ERP_LGA2017,1.0.0,"ERP by LGA (ASGS 2017), Age and Sex, 2001 to 2017","https://api.data.abs.gov.au/data/ABS,ABS_ANNUAL_ERP_LGA2017/.3..0+1+2+3+4+5+6+7+8+9.A?startPeriod=2017"
ABS,ABS_ANNUAL_ERP_LGA2018,1.0.0,"ERP by LGA (ASGS 2018), Age by Sex, 2001 to 2018","https://api.data.abs.gov.au/data/ABS,ABS_ANNUAL_ERP_LGA2018/.3..0+1+2+3+4+5+6+7+8+9.A?startPeriod=2018"
ABS,ABS_ANNUAL_ERP_LGA2019,1.0.0,"ERP by LGA (ASGS 2019), Age by Sex, 2001 to 2019","https://api.data.abs.gov.au/data/ABS,ABS_ANNUAL_ERP_LGA2019/.3..0+1+2+3+4+5+6+7+8+9.A?startPeriod=2019"
ABS,ABS_ANNUAL_ERP_LGA2020,1.0.0,"ERP by LGA (ASGS 2020), Age and Sex, 2001 to 2020","https://api.data.abs.gov.au/data/ABS,ABS_ANNUAL_ERP_LGA2020/.3..0+1+2+3+4+5+6+7+8+9.A?startPeriod=2019"
ABS,ABS_C16_G43_LGA,1.0.0,"Census 2016, G43 Labour force status by age by sex (LGA)","https://api.data.abs.gov.au/data/ABS,ABS_C16_G43_LGA"
ABS,ABS_C16_G43_SA,1.0.0,"Census 2016, G43 Labour force status by age by sex (SA2+)","https://api.data.abs.gov.au/data/ABS,ABS_C16_G43_SA"
ABS,ABS_C16_G44_LGA,1.0.0,"Census 2016, G44 Labour force status by sex of parents by age of dependent children for Couple families (LGA)","https://api.data.abs.gov.au/data/ABS,ABS_C16_G44_LGA"
ABS,ABS_C16_G44_SA,1.0.0,"Census 2016, G44 Labour force status by sex of parents by age of dependent children for Couple families (SA2+)","https://api.data.abs.gov.au/data/ABS,ABS_C16_G44_SA"
ABS,ABS_C16_G45_LGA,1.0.0,"Census 2016, G45 Labour force status by sex of parent by age of dependent children for one parent families (LGA)","https://api.data.abs.gov.au/data/ABS,ABS_C16_G45_LGA"
ABS,ABS_C16_G45_SA,1.0.0,"Census 2016, G45 Labour force status by sex of parent by age of dependent children for one parent families (SA2+)","https://api.data.abs.gov.au/data/ABS,ABS_C16_G45_SA"
ABS,ABS_C16_G46_LGA,1.0.0,"Census 2016, G46 Non-school qualification: Level of Education by age by sex (LGA)","https://api.data.abs.gov.au/data/ABS,ABS_C16_G46_LGA"
ABS,ABS_C16_G46_SA,1.0.0,"Census 2016, G46 Non-school qualification: Level of Education by age by sex (SA2+)","https://api.data.abs.gov.au/data/ABS,ABS_C16_G46_SA"
ABS,ABS_C16_G47_LGA,1.0.0,"Census 2016, G47 Non-school Qualification: Field of Study by age by sex (LGA)","https://api.data.abs.gov.au/data/ABS,ABS_C16_G47_LGA"
ABS,ABS_C16_G47_SA,1.0.0,"Census 2016, G47 Non-school Qualification: Field of Study by age by sex (SA2+)","https://api.data.abs.gov.au/data/ABS,ABS_C16_G47_SA"
ABS,ABS_C16_G48_LGA,1.0.0,"Census 2016, G48 Non-school Qualification: Field of study by occupation by sex (LGA)","https://api.data.abs.gov.au/data/ABS,ABS_C16_G48_LGA"
ABS,ABS_C16_G48_SA,1.0.0,"Census 2016, G48 Non-school Qualification: Field of study by occupation by sex (SA2+)","https://api.data.abs.gov.au/data/ABS,ABS_C16_G48_SA"
ABS,ABS_C16_G49_LGA,1.0.0,"Census 2016, G49 Non-school Qualification: Level of Education by occupation by sex (LGA)","https://api.data.abs.gov.au/data/ABS,ABS_C16_G49_LGA"
ABS,ABS_C16_G49_SA,1.0.0,"Census 2016, G49 Non-school Qualification: Level of Education by occupation by sex (SA2+)","https://api.data.abs.gov.au/data/ABS,ABS_C16_G49_SA"
ABS,ABS_C16_G50_LGA,1.0.0,"Census 2016, G50 Non-school Qualification: Level of Education by Industry of employment by sex (LGA)","https://api.data.abs.gov.au/data/ABS,ABS_C16_G50_LGA"
ABS,ABS_C16_G50_SA,1.0.0,"Census 2016, G50 Non-school Qualification: Level of Education by Industry of employment by sex (SA2+)","https://api.data.abs.gov.au/data/ABS,ABS_C16_G50_SA"
ABS,ABS_C16_G51_LGA,1.0.0,"Census 2016, G51 Industry of employment by age by sex (LGA)","https://api.data.abs.gov.au/data/ABS,ABS_C16_G51_LGA"
ABS,ABS_C16_G51_SA,1.0.0,"Census 2016, G51 Industry of employment by age by sex (SA2+)","https://api.data.abs.gov.au/data/ABS,ABS_C16_G51_SA"
ABS,ABS_C16_G52_LGA,1.0.0,"Census 2016, G52 Industry of employment by hours worked by sex (LGA)","https://api.data.abs.gov.au/data/ABS,ABS_C16_G52_LGA"
ABS,ABS_C16_G52_SA,1.0.0,"Census 2016, G52 Industry of employment by hours worked by sex (SA2+)","https://api.data.abs.gov.au/data/ABS,ABS_C16_G52_SA"
ABS,ABS_C16_G53_LGA,1.0.0,"Census 2016, G53 Industry of employment by occupation (LGA)","https://api.data.abs.gov.au/data/ABS,ABS_C16_G53_LGA"
ABS,ABS_C16_G53_SA,1.0.0,"Census 2016, G53 Industry of employment by occupation (SA2+)","https://api.data.abs.gov.au/data/ABS,ABS_C16_G53_SA"
ABS,ABS_C16_G56_LGA,1.0.0,"Census 2016, G60 Total family income (weekly) by labour force status of parents/partners in families (LGA)","https://api.data.abs.gov.au/data/ABS,ABS_C16_G56_LGA"
ABS,ABS_C16_G56_SA,1.0.0,"Census 2016, G60 Total family income (weekly) by labour force status of parents/partners in families (SA2+)","https://api.data.abs.gov.au/data/ABS,ABS_C16_G56_SA"
ABS,ABS_C16_G57_LGA,1.0.0,"Census 2016, G57 Occupation by Age by Sex (LGA)","https://api.data.abs.gov.au/data/ABS,ABS_C16_G57_LGA"
ABS,ABS_C16_G57_SA,1.0.0,"Census 2016, G57 Occupation by Age by Sex (SA2+)","https://api.data.abs.gov.au/data/ABS,ABS_C16_G57_SA"
ABS,ABS_C16_G58_LGA,1.0.0,"Census 2016, G58 Occupation by Hours worked by sex (LGA)","https://api.data.abs.gov.au/data/ABS,ABS_C16_G58_LGA"
ABS,ABS_C16_G58_SA,1.0.0,"Census 2016, G58 Occupation by Hours worked by sex (SA2+)","https://api.data.abs.gov.au/data/ABS,ABS_C16_G58_SA"
ABS,ABS_C16_G59_LGA,1.0.0,"Census 2016, G59 Method of travel to work by sex (LGA)","https://api.data.abs.gov.au/data/ABS,ABS_C16_G59_LGA"
ABS,ABS_C16_G59_SA,1.0.0,"Census 2016, G59 Method of travel to work by sex (SA2+)","https://api.data.abs.gov.au/data/ABS,ABS_C16_G59_SA"
ABS,ABS_C16_T01_LGA,1.0.0,"Census 2016, Age by Sex (LGA)","https://api.data.abs.gov.au/data/ABS,ABS_C16_T01_LGA"
ABS,ABS_C16_T01_SA,1.0.0,"Census 2016, Age by Sex (SA2+)","https://api.data.abs.gov.au/data/ABS,ABS_C16_T01_SA"
ABS,ABS_C16_T01_TS_LGA,1.0.0,"Census Time Series 2016, 2011, 2006: T01 Age by Sex (LGA)","https://api.data.abs.gov.au/data/ABS,ABS_C16_T01_TS_LGA"
ABS,ABS_C16_T01_TS_SA,1.0.0,"Census Time Series 2016, 2011, 2006: T01 Age by Sex (SA2+)","https://api.data.abs.gov.au/data/ABS,ABS_C16_T01_TS_SA"
ABS,ABS_C16_T02_LGA,1.0.0,"Census 2016, Registered Marital Status by Age by Sex (LGA)","https://api.data.abs.gov.au/data/ABS,ABS_C16_T02_LGA"
ABS,ABS_C16_T02_SA,1.0.0,"Census 2016, Registered Marital Status by Age by Sex (SA2+)","https://api.data.abs.gov.au/data/ABS,ABS_C16_T02_SA"
ABS,ABS_C16_T02_TS_LGA,1.0.0,"Census Time Series 2016, 2011, 2006: T02 Registered Marital Status by Age by Sex (LGA)","https://api.data.abs.gov.au/data/ABS,ABS_C16_T02_TS_LGA"
ABS,ABS_C16_T02_TS_SA,1.0.0,"Census Time Series 2016, 2011, 2006: T02 Registered Marital Status by Age by Sex(SA2+)","https://api.data.abs.gov.au/data/ABS,ABS_C16_T02_TS_SA"
ABS,ABS_C16_T03_LGA,1.0.0,"Census 2016, Social Marital Status by Age by Sex (LGA)","https://api.data.abs.gov.au/data/ABS,ABS_C16_T03_LGA"
ABS,ABS_C16_T03_SA,1.0.0,"Census 2016, Social Marital Status by Age by Sex (SA2+)","https://api.data.abs.gov.au/data/ABS,ABS_C16_T03_SA"
ABS,ABS_C16_T03_TS_LGA,1.0.0,"Census Time Series 2016, 2011, 2006: T03 Social Marital Status Age by Sex (LGA)","https://api.data.abs.gov.au/data/ABS,ABS_C16_T03_TS_LGA"
ABS,ABS_C16_T03_TS_SA,1.0.0,"Census Time Series 2016, 2011, 2006: T03 Social Marital Status Age by Sex (SA2+)","https://api.data.abs.gov.au/data/ABS,ABS_C16_T03_TS_SA"
ABS,ABS_C16_T04_LGA,1.0.0,"Census 2016, Indigenous Status by Age by Sex (LGA)","https://api.data.abs.gov.au/data/ABS,ABS_C16_T04_LGA"
ABS,ABS_C16_T04_SA,1.0.0,"Census 2016, Indigenous Status by Age by Sex (SA2+)","https://api.data.abs.gov.au/data/ABS,ABS_C16_T04_SA"
ABS,ABS_C16_T04_TS_LGA,1.0.0,"Census Time Series 2016, 2011, 2006: T04 Indigenous Status by Age by Sex (LGA)","https://api.data.abs.gov.au/data/ABS,ABS_C16_T04_TS_LGA"
ABS,ABS_C16_T04_TS_SA,1.0.0,"Census Time Series 2016, 2011, 2006: T04 Indigenous Status by Age by Sex (SA2+)","https://api.data.abs.gov.au/data/ABS,ABS_C16_T04_TS_SA"
ABS,ABS_C16_T05_LGA,1.0.0,"Census 2016, Ancestry by Birthplace of Parents (LGA)","https://api.data.abs.gov.au/data/ABS,ABS_C16_T05_LGA"
ABS,ABS_C16_T05_SA,1.0.0,"Census 2016, Ancestry by Birthplace of Parents (SA2+)","https://api.data.abs.gov.au/data/ABS,ABS_C16_T05_SA"
ABS,ABS_C16_T06_LGA,1.0.0,"Census 2016, Country of Birth of Person by Sex (LGA)","https://api.data.abs.gov.au/data/ABS,ABS_C16_T06_LGA"
ABS,ABS_C16_T06_SA,1.0.0,"Census 2016, Country of Birth of Person by Sex (SA2+)","https://api.data.abs.gov.au/data/ABS,ABS_C16_T06_SA"
ABS,ABS_C16_T07_LGA,1.0.0,"Census 2016, Country of Birth of Person by Year of Arrival in Australia (ranges) (LGA)","https://api.data.abs.gov.au/data/ABS,ABS_C16_T07_LGA"
ABS,ABS_C16_T07_SA,1.0.0,"Census 2016, Country of Birth of Person by Year of Arrival in Australia (ranges) (SA2+)","https://api.data.abs.gov.au/data/ABS,ABS_C16_T07_SA"
ABS,ABS_C16_T08_LGA,1.0.0,"Census 2016, Proficiency in Spoken English/Language by Age by Sex (LGA)","https://api.data.abs.gov.au/data/ABS,ABS_C16_T08_LGA"
ABS,ABS_C16_T08_SA,1.0.0,"Census 2016, Proficiency in Spoken English/Language by Age by Sex (SA2+)","https://api.data.abs.gov.au/data/ABS,ABS_C16_T08_SA"
ABS,ABS_C16_T08_TS_LGA,1.0.0,"Census Time Series 2016, 2011, 2006: T08 Proficiency in Spoken English/Language by Age by Sex (LGA)","https://api.data.abs.gov.au/data/ABS,ABS_C16_T08_TS_LGA"
ABS,ABS_C16_T08_TS_SA,1.0.0,"Census Time Series 2016, 2011, 2006: T08 Proficiency in Spoken English/Language by Age by Sex (SA2+)","https://api.data.abs.gov.au/data/ABS,ABS_C16_T08_TS_SA"
ABS,ABS_C16_T09_LGA,1.0.0,"Census 2016, Language spoken at home by Sex (LGA)","https://api.data.abs.gov.au/data/ABS,ABS_C16_T09_LGA"
ABS,ABS_C16_T09_SA,1.0.0,"Census 2016, Language spoken at home by Sex (SA2+)","https://api.data.abs.gov.au/data/ABS,ABS_C16_T09_SA"
ABS,ABS_C16_T10_LGA,1.0.0,"Census 2016, Religious Affiliation by Sex (LGA)","https://api.data.abs.gov.au/data/ABS,ABS_C16_T10_LGA"
ABS,ABS_C16_T10_SA,1.0.0,"Census 2016, Religious Affiliation by Sex (SA2+)","https://api.data.abs.gov.au/data/ABS,ABS_C16_T10_SA"
ABS,ABS_C16_T11_LGA,1.0.0,"Census 2016, T11 Educational Institution: Attendee Status by Sex (LGA)","https://api.data.abs.gov.au/data/ABS,ABS_C16_T11_LGA"
ABS,ABS_C16_T11_SA,1.0.0,"Census 2016, T11 Educational Institution: Attendee Status by Sex (SA2+)","https://api.data.abs.gov.au/data/ABS,ABS_C16_T11_SA"
ABS,ABS_C16_T11_TS_LGA,1.0.0,"Census Time Series 2016, 2011, 2006: T11 Educational Institution: Attendee Status by Sex (LGA)","https://api.data.abs.gov.au/data/ABS,ABS_C16_T11_TS_LGA"
ABS,ABS_C16_T11_TS_SA,1.0.0,"Census Time Series 2016, 2011, 2006: T11 Educational Institution: Attendee Status by Sex (SA2+)","https://api.data.abs.gov.au/data/ABS,ABS_C16_T11_TS_SA"
ABS,ABS_C16_T12_LGA,1.0.0,"Census 2016, Highest Year of School Completed by Age by Sex (LGA)","https://api.data.abs.gov.au/data/ABS,ABS_C16_T12_LGA"
ABS,ABS_C16_T12_SA,1.0.0,"Census 2016, Highest Year of School Completed by Age by Sex (SA2+)","https://api.data.abs.gov.au/data/ABS,ABS_C16_T12_SA"
ABS,ABS_C16_T12_TS_LGA,1.0.0,"Census Time Series 2016, 2011, 2006: T12 Highest Year of School Completed by Age by Sex (LGA)","https://api.data.abs.gov.au/data/ABS,ABS_C16_T12_TS_LGA"
ABS,ABS_C16_T12_TS_SA,1.0.0,"Census Time Series 2016, 2011, 2006: T12 Highest Year of School Completed by Age by Sex (SA2+)","https://api.data.abs.gov.au/data/ABS,ABS_C16_T12_TS_SA"
ABS,ABS_C16_T13_LGA,1.0.0,"Census 2016, Total Personal Income (weekly) by Age by Sex (LGA)","https://api.data.abs.gov.au/data/ABS,ABS_C16_T13_LGA"
ABS,ABS_C16_T13_SA,1.0.0,"Census 2016, Total Personal Income (weekly) by Age by Sex (SA2+)","https://api.data.abs.gov.au/data/ABS,ABS_C16_T13_SA"
ABS,ABS_C16_T14_LGA,1.0.0,"Census 2016, Core Activity Need For Assistance by Age by Sex (LGA)","https://api.data.abs.gov.au/data/ABS,ABS_C16_T14_LGA"
ABS,ABS_C16_T14_SA,1.0.0,"Census 2016, Core Activity Need For Assistance by Age by Sex (SA2+)","https://api.data.abs.gov.au/data/ABS,ABS_C16_T14_SA"
ABS,ABS_C16_T14_TS_LGA,1.0.0,"Census Time Series 2016, 2011, 2006: T14 Core Activity Need For Assistance by Age by Sex (LGA)","https://api.data.abs.gov.au/data/ABS,ABS_C16_T14_TS_LGA"
ABS,ABS_C16_T14_TS_SA,1.0.0,"Census Time Series 2016, 2011, 2006: T14 Core Activity Need For Assistance by Age by Sex (SA2+)","https://api.data.abs.gov.au/data/ABS,ABS_C16_T14_TS_SA"
ABS,ABS_C16_T15_LGA,1.0.0,"Census 2016, Voluntary Work for an Organisation or Group by Age by Sex (LGA)","https://api.data.abs.gov.au/data/ABS,ABS_C16_T15_LGA"
ABS,ABS_C16_T15_SA,1.0.0,"Census 2016, Voluntary Work for an Organisation or Group by Age by Sex (SA2+)","https://api.data.abs.gov.au/data/ABS,ABS_C16_T15_SA"
ABS,ABS_C16_T15_TS_LGA,1.0.0,"Census Time Series 2016, 2011, 2006: T15 Voluntary Work for an Organisation or Group by Age by Sex (LGA)","https://api.data.abs.gov.au/data/ABS,ABS_C16_T15_TS_LGA"
ABS,ABS_C16_T15_TS_SA,1.0.0,"Census Time Series 2016, 2011, 2006: T15 Voluntary Work for an Organisation or Group by Age by Sex (SA2+)","https://api.data.abs.gov.au/data/ABS,ABS_C16_T15_TS_SA"
ABS,ABS_C16_T16_LGA,1.0.0,"Census 2016, Unpaid Domestic Work: Number of Hours by Age by Sex (LGA)","https://api.data.abs.gov.au/data/ABS,ABS_C16_T16_LGA"
ABS,ABS_C16_T16_SA,1.0.0,"Census 2016, Unpaid Domestic Work: Number of Hours by Age by Sex (SA2+)","https://api.data.abs.gov.au/data/ABS,ABS_C16_T16_SA"
ABS,ABS_C16_T16_TS_LGA,1.0.0,"Census Time Series 2016, 2011, 2006: T16 Unpaid Domestic Work: Number of Hours by Age by Sex (LGA)","https://api.data.abs.gov.au/data/ABS,ABS_C16_T16_TS_LGA"
ABS,ABS_C16_T16_TS_SA,1.0.0,"Census Time Series 2016, 2011, 2006: T16 Unpaid Domestic Work: Number of Hours by Age by Sex (SA2+)","https://api.data.abs.gov.au/data/ABS,ABS_C16_T16_TS_SA"
ABS,ABS_C16_T17_LGA,1.0.0,"Census 2016, Unpaid Assistance to a Person with a Disability by Age by Sex (LGA)","https://api.data.abs.gov.au/data/ABS,ABS_C16_T17_LGA"
ABS,ABS_C16_T17_SA,1.0.0,"Census 2016, Unpaid Assistance to a Person with a Disability by Age by Sex (SA2+)","https://api.data.abs.gov.au/data/ABS,ABS_C16_T17_SA"
ABS,ABS_C16_T17_TS_LGA,1.0.0,"Census Time Series 2016, 2011, 2006: T17 Unpaid Assistance to a Person with a Disability by Age by Sex (LGA)","https://api.data.abs.gov.au/data/ABS,ABS_C16_T17_TS_LGA"
ABS,ABS_C16_T17_TS_SA,1.0.0,"Census Time Series 2016, 2011, 2006: T17 Unpaid Assistance to a Person with a Disability by Age by Sex (SA2+)","https://api.data.abs.gov.au/data/ABS,ABS_C16_T17_TS_SA"
ABS,ABS_C16_T18_LGA,1.0.0,"Census 2016, Unpaid Child Care by Age by Sex (LGA)","https://api.data.abs.gov.au/data/ABS,ABS_C16_T18_LGA"
ABS,ABS_C16_T18_SA,1.0.0,"Census 2016, Unpaid Child Care by Age by Sex (SA2+)","https://api.data.abs.gov.au/data/ABS,ABS_C16_T18_SA"
ABS,ABS_C16_T18_TS_LGA,1.0.0,"Census Time Series 2016, 2011, 2006: T18 Unpaid Child Care by Age by Sex (LGA)","https://api.data.abs.gov.au/data/ABS,ABS_C16_T18_TS_LGA"
ABS,ABS_C16_T18_TS_SA,1.0.0,"Census Time Series 2016, 2011, 2006: T18 Unpaid Child Care by Age by Sex (SA2+)","https://api.data.abs.gov.au/data/ABS,ABS_C16_T18_TS_SA"
ABS,ABS_C16_T19_LGA,1.0.0,"Census 2016, Total Family Income (weekly) by Family Composition (LGA)","https://api.data.abs.gov.au/data/ABS,ABS_C16_T19_LGA"
ABS,ABS_C16_T19_SA,1.0.0,"Census 2016, Total Family Income (weekly) by Family Composition (SA2+)","https://api.data.abs.gov.au/data/ABS,ABS_C16_T19_SA"
ABS,ABS_C16_T20_LGA,1.0.0,"Census 2016, Family Blending by Family records (LGA)","https://api.data.abs.gov.au/data/ABS,ABS_C16_T20_LGA"
ABS,ABS_C16_T20_SA,1.0.0,"Census 2016, Family Blending by Family records (SA2+)","https://api.data.abs.gov.au/data/ABS,ABS_C16_T20_SA"
ABS,ABS_C16_T20_TS_LGA,1.0.0,"Census Time Series 2016, 2011, 2006: T20 Family Blending by Family records (LGA)","https://api.data.abs.gov.au/data/ABS,ABS_C16_T20_TS_LGA"
ABS,ABS_C16_T20_TS_SA,1.0.0,"Census Time Series 2016, 2011, 2006: T20 Family Blending by Family records (SA2+)","https://api.data.abs.gov.au/data/ABS,ABS_C16_T20_TS_SA"
ABS,ABS_C16_T21_LGA,1.0.0,"Census 2016, Total Household Income (Weekly) by Household Composition (LGA)","https://api.data.abs.gov.au/data/ABS,ABS_C16_T21_LGA"
ABS,ABS_C16_T21_SA,1.0.0,"Census 2016, Total Household Income (Weekly) by Household Composition (SA2+)","https://api.data.abs.gov.au/data/ABS,ABS_C16_T21_SA"
ABS,ABS_C16_T22_LGA,1.0.0,"Census 2016, Number of Motor Vehicles by Dwelling Records (LGA)","https://api.data.abs.gov.au/data/ABS,ABS_C16_T22_LGA"
ABS,ABS_C16_T22_SA,1.0.0,"Census 2016, Number of Motor Vehicles by Dwelling Records (SA2+)","https://api.data.abs.gov.au/data/ABS,ABS_C16_T22_SA"
ABS,ABS_C16_T22_TS_LGA,1.0.0,"Census Time Series 2016, 2011, 2006: T22 Number of Motor Vehicles by Dwelling records (LGA)","https://api.data.abs.gov.au/data/ABS,ABS_C16_T22_TS_LGA"
ABS,ABS_C16_T22_TS_SA,1.0.0,"Census Time Series 2016, 2011, 2006: T22 Number of Motor Vehicles by Dwelling records (SA2+)","https://api.data.abs.gov.au/data/ABS,ABS_C16_T22_TS_SA"
ABS,ABS_C16_T23_LGA,1.0.0,"Census 2016, Household Composition By Number Of Persons Usually Resident (LGA)","https://api.data.abs.gov.au/data/ABS,ABS_C16_T23_LGA"
ABS,ABS_C16_T23_SA,1.0.0,"Census 2016, Household Composition By Number Of Persons Usually Resident (SA2+)","https://api.data.abs.gov.au/data/ABS,ABS_C16_T23_SA"
ABS,ABS_C16_T23_TS_LGA,1.0.0,"Census Time Series 2016, 2011, 2006: T23 Household Composition By Number Of Persons Usually Resident (LGA)","https://api.data.abs.gov.au/data/ABS,ABS_C16_T23_TS_LGA"
ABS,ABS_C16_T23_TS_SA,1.0.0,"Census Time Series 2016, 2011, 2006: T23 Household Composition By Number Of Persons Usually Resident (SA2+)","https://api.data.abs.gov.au/data/ABS,ABS_C16_T23_TS_SA"
ABS,ABS_C16_T24_LGA,1.0.0,"Census 2016, Dwelling Structure by Dwelling Type (LGA)","https://api.data.abs.gov.au/data/ABS,ABS_C16_T24_LGA"
ABS,ABS_C16_T24_SA,1.0.0,"Census 2016, Dwelling Structure by Dwelling Type (SA2+)","https://api.data.abs.gov.au/data/ABS,ABS_C16_T24_SA"
ABS,ABS_C16_T24_TS_LGA,1.0.0,"Census Time Series 2016, 2011, 2006: T24 Dwelling Structure by Dwelling Type (LGA)","https://api.data.abs.gov.au/data/ABS,ABS_C16_T24_TS_LGA"
ABS,ABS_C16_T24_TS_SA,1.0.0,"Census Time Series 2016, 2011, 2006: T24 Dwelling Structure by Dwelling Type (SA2+)","https://api.data.abs.gov.au/data/ABS,ABS_C16_T24_TS_SA"
ABS,ABS_C16_T25_LGA,1.0.0,"Census 2016, Mortgage Repayments (monthly) by Dwelling Structure (LGA)","https://api.data.abs.gov.au/data/ABS,ABS_C16_T25_LGA"
ABS,ABS_C16_T25_SA,1.0.0,"Census 2016, Mortgage Repayments (monthly) by Dwelling Structure (SA2+)","https://api.data.abs.gov.au/data/ABS,ABS_C16_T25_SA"
ABS,ABS_C16_T25_TS_LGA,1.0.0,"Census Time Series 2016, 2011, 2006: T25 Mortgage Repayments (monthly) by Dwelling Structure (LGA)","https://api.data.abs.gov.au/data/ABS,ABS_C16_T25_TS_LGA"
ABS,ABS_C16_T25_TS_SA,1.0.0,"Census Time Series 2016, 2011, 2006: T25 Mortgage Repayments (monthly) by Dwelling Structure (SA2+)","https://api.data.abs.gov.au/data/ABS,ABS_C16_T25_TS_SA"
ABS,ABS_C16_T26_LGA,1.0.0,"Census 2016, Rent (weekly) by Dwelling Structure (LGA)","https://api.data.abs.gov.au/data/ABS,ABS_C16_T26_LGA"
ABS,ABS_C16_T26_SA,1.0.0,"Census 2016, Rent (weekly) by Dwelling Structure (SA2+)","https://api.data.abs.gov.au/data/ABS,ABS_C16_T26_SA"
ABS,ABS_C16_T26_TS_LGA,1.0.0,"Census Time Series 2016, 2011, 2006: T26 Rent (weekly) by Dwelling Structure (LGA)","https://api.data.abs.gov.au/data/ABS,ABS_C16_T26_TS_LGA"
ABS,ABS_C16_T26_TS_SA,1.0.0,"Census Time Series 2016, 2011, 2006: T26 Rent (weekly) by Dwelling Structure (SA2+)","https://api.data.abs.gov.au/data/ABS,ABS_C16_T26_TS_SA"
ABS,ABS_C16_T27_LGA,1.0.0,"Census 2016, Dwelling Internet Connection by Dwelling Structure (LGA)","https://api.data.abs.gov.au/data/ABS,ABS_C16_T27_LGA"
ABS,ABS_C16_T27_SA,1.0.0,"Census 2016, Dwelling Internet Connection by Dwelling Structure (SA2+)","https://api.data.abs.gov.au/data/ABS,ABS_C16_T27_SA"
ABS,ABS_C16_T27_TS_LGA,1.0.0,"Census Time Series 2016, 2011, 2006: T27 Dwelling Internet Connection by Dwelling Structure (LGA)","https://api.data.abs.gov.au/data/ABS,ABS_C16_T27_TS_LGA"
ABS,ABS_C16_T27_TS_SA,1.0.0,"Census Time Series 2016, 2011, 2006: T27 Dwelling Internet Connection by Dwelling Structure (SA2+)","https://api.data.abs.gov.au/data/ABS,ABS_C16_T27_TS_SA"
ABS,ABS_C16_T28_LGA,1.0.0,"Census 2016, Dwelling Structure By Number Of Bedrooms in Private Dwelling (LGA)","https://api.data.abs.gov.au/data/ABS,ABS_C16_T28_LGA"
ABS,ABS_C16_T28_SA,1.0.0,"Census 2016, Dwelling Structure By Number Of Bedrooms in Private Dwelling (SA2+)","https://api.data.abs.gov.au/data/ABS,ABS_C16_T28_SA"
ABS,ABS_C16_T28_TS_LGA,1.0.0,"Census Time Series 2016, 2011, 2006: T28 Dwelling Structure By Number Of Bedrooms in Private Dwelling (LGA)","https://api.data.abs.gov.au/data/ABS,ABS_C16_T28_TS_LGA"
ABS,ABS_C16_T28_TS_SA,1.0.0,"Census Time Series 2016, 2011, 2006: T28 Dwelling Structure By Number Of Bedrooms in Private Dwelling (SA2+)","https://api.data.abs.gov.au/data/ABS,ABS_C16_T28_TS_SA"
ABS,ABS_C16_T29_TS_LGA,1.0.0,"Census Time Series 2016, 2011, 2006: T29 Selected Labour Force, Education and Migration Characteristics (LGA)","https://api.data.abs.gov.au/data/ABS,ABS_C16_T29_TS_LGA"
ABS,ABS_C16_T29_TS_SA,1.0.0,"Census Time Series 2016, 2011, 2006: T29 Selected Labour Force, Education and Migration Characteristics (SA2+)","https://api.data.abs.gov.au/data/ABS,ABS_C16_T29_TS_SA"
ABS,ABS_C16_T31_TS_LGA,1.0.0,"Census Time Series 2016, 2011, 2006: T31 Non-school Qualification: Level of Education by age by sex (LGA)","https://api.data.abs.gov.au/data/ABS,ABS_C16_T31_TS_LGA"
ABS,ABS_C16_T31_TS_SA,1.0.0,"Census Time Series 2016, 2011, 2006: T31 Non-school Qualification: Level of Education by age by sex (SA2+)","https://api.data.abs.gov.au/data/ABS,ABS_C16_T31_TS_SA"
ABS,ABS_C16_T32_TS_LGA,1.0.0,"Census Time Series 2016, 2011, 2006: T32 Non-school Qualification: Field of Study by age by sex (LGA)","https://api.data.abs.gov.au/data/ABS,ABS_C16_T32_TS_LGA"
ABS,ABS_C16_T32_TS_SA,1.0.0,"Census Time Series 2016, 2011, 2006: T32 Non-school Qualification: Field of Study by age by sex (SA2+)","https://api.data.abs.gov.au/data/ABS,ABS_C16_T32_TS_SA"
ABS,ABS_C16_T33_TS_LGA,1.0.0,"Census Time Series 2016, 2011, 2006: T33 Labour force status by age by sex (LGA)","https://api.data.abs.gov.au/data/ABS,ABS_C16_T33_TS_LGA"
ABS,ABS_C16_T33_TS_SA,1.0.0,"Census Time Series 2016, 2011, 2006: T33 Labour force status by age by sex (SA2+)","https://api.data.abs.gov.au/data/ABS,ABS_C16_T33_TS_SA"
ABS,ABS_C16_T34_TS_LGA,1.0.0,"Census Time Series 2016, 2011, 2006: T34 Industry of employment by sex (LGA)","https://api.data.abs.gov.au/data/ABS,ABS_C16_T34_TS_LGA"
ABS,ABS_C16_T34_TS_SA,1.0.0,"Census Time Series 2016, 2011, 2006: T34 Industry of employment by sex (SA2+)","https://api.data.abs.gov.au/data/ABS,ABS_C16_T34_TS_SA"
ABS,ABS_C16_T35_TS_LGA,1.0.0,"Census Time Series 2016, 2011, 2006: T35 Occupation by sex (LGA)","https://api.data.abs.gov.au/data/ABS,ABS_C16_T35_TS_LGA"
ABS,ABS_C16_T35_TS_SA,1.0.0,"Census Time Series 2016, 2011, 2006: T35 Occupation by sex (SA2+)","https://api.data.abs.gov.au/data/ABS,ABS_C16_T35_TS_SA"
ABS,ABS_CENSUS2011_B01,1.0.0,B01 Selected Person Characteristics,"https://api.data.abs.gov.au/data/ABS,ABS_CENSUS2011_B01"
ABS,ABS_CENSUS2011_B01_LGA,1.0.0,B01 Selected Person Characteristics (LGA),"https://api.data.abs.gov.au/data/ABS,ABS_CENSUS2011_B01_LGA"
ABS,ABS_CENSUS2011_B01_SA1_SA,1.0.0,B01 Selected Person Characteristics(SA1 SA),"https://api.data.abs.gov.au/data/ABS,ABS_CENSUS2011_B01_SA1_SA"
ABS,ABS_CENSUS2011_B02,1.0.0,B02 Selected Medians and Averages,"https://api.data.abs.gov.au/data/ABS,ABS_CENSUS2011_B02"
ABS,ABS_CENSUS2011_B02_LGA,1.0.0,B02 Selected Medians and Averages (LGA),"https://api.data.abs.gov.au/data/ABS,ABS_CENSUS2011_B02_LGA"
ABS,ABS_CENSUS2011_B02_SA1_SA,1.0.0,B02 Selected Medians and Averages(SA1 SA),"https://api.data.abs.gov.au/data/ABS,ABS_CENSUS2011_B02_SA1_SA"
ABS,ABS_CENSUS2011_B03,1.0.0,B03 Place of Usual Residence on Census Night by Age (SA2+),"https://api.data.abs.gov.au/data/ABS,ABS_CENSUS2011_B03/....0.A"
ABS,ABS_CENSUS2011_B03_LGA,1.0.0,B03 Place of Usual Residence on Census Night by Age (LGA),"https://api.data.abs.gov.au/data/ABS,ABS_CENSUS2011_B03_LGA"
ABS,ABS_CENSUS2011_B03_SA1_SA,1.0.0,B03 Place of Usual Residence on Census Night by Sex(SA1 SA),"https://api.data.abs.gov.au/data/ABS,ABS_CENSUS2011_B03_SA1_SA"
ABS,ABS_CENSUS2011_B04,1.0.0,B04 Age by Sex,"https://api.data.abs.gov.au/data/ABS,ABS_CENSUS2011_B04"
ABS,ABS_CENSUS2011_B04_LGA,1.0.0,B04 Age by Sex (LGA),"https://api.data.abs.gov.au/data/ABS,ABS_CENSUS2011_B04_LGA"
ABS,ABS_CENSUS2011_B04_SA1_SA,1.0.0,B04 Age by Sex(SA1 SA),"https://api.data.abs.gov.au/data/ABS,ABS_CENSUS2011_B04_SA1_SA"
ABS,ABS_CENSUS2011_B05,1.0.0,B05 Registered Marital Status by Age by Sex,"https://api.data.abs.gov.au/data/ABS,ABS_CENSUS2011_B05"
ABS,ABS_CENSUS2011_B05_LGA,1.0.0,B05 Registered Marital Status by Age by Sex (LGA),"https://api.data.abs.gov.au/data/ABS,ABS_CENSUS2011_B05_LGA"
ABS,ABS_CENSUS2011_B05_SA1_SA,1.0.0,B05 Registered Marital Status by Age by Sex(SA1 SA),"https://api.data.abs.gov.au/data/ABS,ABS_CENSUS2011_B05_SA1_SA"
ABS,ABS_CENSUS2011_B06,1.0.0,B06 Social Marital Status by Age by Sex,"https://api.data.abs.gov.au/data/ABS,ABS_CENSUS2011_B06"
ABS,ABS_CENSUS2011_B06_LGA,1.0.0,B06 Social Marital Status by Age by Sex (LGA),"https://api.data.abs.gov.au/data/ABS,ABS_CENSUS2011_B06_LGA"
ABS,ABS_CENSUS2011_B06_SA1_SA,1.0.0,B06 Social Marital Status by Age by Sex(SA1 SA),"https://api.data.abs.gov.au/data/ABS,ABS_CENSUS2011_B06_SA1_SA"
ABS,ABS_CENSUS2011_B07,1.0.0,B07 Indigenous Status by Age by Sex,"https://api.data.abs.gov.au/data/ABS,ABS_CENSUS2011_B07"
ABS,ABS_CENSUS2011_B07_LGA,1.0.0,B07 Indigenous Status by Age by Sex (LGA),"https://api.data.abs.gov.au/data/ABS,ABS_CENSUS2011_B07_LGA"
ABS,ABS_CENSUS2011_B07_SA1_SA,1.0.0,B07 Indigenous Status by Age by Sex(SA1 SA),"https://api.data.abs.gov.au/data/ABS,ABS_CENSUS2011_B07_SA1_SA"
ABS,ABS_CENSUS2011_B08,1.0.0,B08 Ancestry by Birthplace of Parents,"https://api.data.abs.gov.au/data/ABS,ABS_CENSUS2011_B08"
ABS,ABS_CENSUS2011_B08_LGA,1.0.0,B08 Ancestry by Birthplace of Parents(LGA),"https://api.data.abs.gov.au/data/ABS,ABS_CENSUS2011_B08_LGA"
ABS,ABS_CENSUS2011_B08_SA1_SA,1.0.0,B08 Ancestry by Birthplace of Parents(SA1 SA),"https://api.data.abs.gov.au/data/ABS,ABS_CENSUS2011_B08_SA1_SA"
ABS,ABS_CENSUS2011_B09,1.0.0,B09 Country of Birth of Person by Sex,"https://api.data.abs.gov.au/data/ABS,ABS_CENSUS2011_B09"
ABS,ABS_CENSUS2011_B09_LGA,1.0.0,B09 Country of Birth of Person by Sex (LGA),"https://api.data.abs.gov.au/data/ABS,ABS_CENSUS2011_B09_LGA"
ABS,ABS_CENSUS2011_B09_SA1_SA,1.0.0,B09 Country of Birth of Person by Sex(SA1 SA),"https://api.data.abs.gov.au/data/ABS,ABS_CENSUS2011_B09_SA1_SA"
ABS,ABS_CENSUS2011_B10,1.0.0,B10 Country of Birth of Person by Year of Arrival in Australia,"https://api.data.abs.gov.au/data/ABS,ABS_CENSUS2011_B10"
ABS,ABS_CENSUS2011_B10_LGA,1.0.0,B10 Country of Birth of Person by Year of Arrival in Australia (LGA),"https://api.data.abs.gov.au/data/ABS,ABS_CENSUS2011_B10_LGA"
ABS,ABS_CENSUS2011_B10_SA1_SA,1.0.0,B10 Country of Birth of Person by Year of Arrival in Australia(SA1 SA),"https://api.data.abs.gov.au/data/ABS,ABS_CENSUS2011_B10_SA1_SA"
ABS,ABS_CENSUS2011_B11,1.0.0,B11 Proficiency in Spoken English/Language by Year of Arrival in Australia by Sex,"https://api.data.abs.gov.au/data/ABS,ABS_CENSUS2011_B11"
ABS,ABS_CENSUS2011_B11_LGA,1.0.0,B11 Proficiency in Spoken English/Language by Year of Arrival in Australia by Sex (LGA),"https://api.data.abs.gov.au/data/ABS,ABS_CENSUS2011_B11_LGA"
ABS,ABS_CENSUS2011_B11_SA1_SA,1.0.0,B11 Proficiency in Spoken English/Language by Year of Arrival in Australia by Sex(SA1 SA),"https://api.data.abs.gov.au/data/ABS,ABS_CENSUS2011_B11_SA1_SA"
ABS,ABS_CENSUS2011_B12,1.0.0,B12 Proficiency in Spoken English/Language of Parents by Age of Dependent Children,"https://api.data.abs.gov.au/data/ABS,ABS_CENSUS2011_B12"
ABS,ABS_CENSUS2011_B12_LGA,1.0.0,B12 Proficiency in Spoken English/Language of Parents by Age of Dependent Children (LGA),"https://api.data.abs.gov.au/data/ABS,ABS_CENSUS2011_B12_LGA"
ABS,ABS_CENSUS2011_B12_SA1_SA,1.0.0,B12 Proficiency in Spoken English/Language of Parents by Age of Dependent Children(SA1 SA),"https://api.data.abs.gov.au/data/ABS,ABS_CENSUS2011_B12_SA1_SA"
ABS,ABS_CENSUS2011_B13,1.0.0,B13 Language Spoken at Home by Sex,"https://api.data.abs.gov.au/data/ABS,ABS_CENSUS2011_B13"
ABS,ABS_CENSUS2011_B13_LGA,1.0.0,B13 Language Spoken at Home by Sex (LGA),"https://api.data.abs.gov.au/data/ABS,ABS_CENSUS2011_B13_LGA"
ABS,ABS_CENSUS2011_B13_SA1_SA,1.0.0,B13 Language Spoken at Home by Sex(SA1 SA),"https://api.data.abs.gov.au/data/ABS,ABS_CENSUS2011_B13_SA1_SA"
ABS,ABS_CENSUS2011_B14,1.0.0,B14 Religious Affiliation by Sex,"https://api.data.abs.gov.au/data/ABS,ABS_CENSUS2011_B14"
ABS,ABS_CENSUS2011_B14_LGA,1.0.0,B14 Religious Affiliation by Sex (LGA),"https://api.data.abs.gov.au/data/ABS,ABS_CENSUS2011_B14_LGA"
ABS,ABS_CENSUS2011_B14_SA1_SA,1.0.0,B14 Religious Affiliation by Sex(SA1 SA),"https://api.data.abs.gov.au/data/ABS,ABS_CENSUS2011_B14_SA1_SA"
ABS,ABS_CENSUS2011_B15,1.0.0,B15 Type of Educational Institution Attending (Full/Part-Time Student Status by Age) by Sex,"https://api.data.abs.gov.au/data/ABS,ABS_CENSUS2011_B15"
ABS,ABS_CENSUS2011_B15_LGA,1.0.0,B15 Type of Educational Institution Attending (Full/Part-Time Student Status by Age) by Sex (LGA),"https://api.data.abs.gov.au/data/ABS,ABS_CENSUS2011_B15_LGA"
ABS,ABS_CENSUS2011_B15_SA1_SA,1.0.0,B15 Type of Educational Institution Attending (Full/Part-Time Student Status by Age) by Sex(SA1 SA),"https://api.data.abs.gov.au/data/ABS,ABS_CENSUS2011_B15_SA1_SA"
ABS,ABS_CENSUS2011_B16,1.0.0,B16 Highest Year of School Completed by Age by Sex,"https://api.data.abs.gov.au/data/ABS,ABS_CENSUS2011_B16"
ABS,ABS_CENSUS2011_B16_LGA,1.0.0,B16 Highest Year of School Completed by Age by Sex (LGA),"https://api.data.abs.gov.au/data/ABS,ABS_CENSUS2011_B16_LGA"
ABS,ABS_CENSUS2011_B16_SA1_SA,1.0.0,B16 Highest Year of School Completed by Age by Sex(SA1 SA),"https://api.data.abs.gov.au/data/ABS,ABS_CENSUS2011_B16_SA1_SA"
ABS,ABS_CENSUS2011_B17,1.0.0,B17 Total Personal Income (weekly) by Age by Sex,"https://api.data.abs.gov.au/data/ABS,ABS_CENSUS2011_B17"
ABS,ABS_CENSUS2011_B17_LGA,1.0.0,B17 Total Personal Income (weekly) by Age by Sex (LGA),"https://api.data.abs.gov.au/data/ABS,ABS_CENSUS2011_B17_LGA"
ABS,ABS_CENSUS2011_B17_SA1_SA,1.0.0,B17 Total Personal Income (weekly) by Age by Sex(SA1 SA),"https://api.data.abs.gov.au/data/ABS,ABS_CENSUS2011_B17_SA1_SA"
ABS,ABS_CENSUS2011_B18,1.0.0,B18 Core Activity Need for Assistance by Age by Sex,"https://api.data.abs.gov.au/data/ABS,ABS_CENSUS2011_B18"
ABS,ABS_CENSUS2011_B18_LGA,1.0.0,B18 Core Activity Need for Assistance by Age by Sex (LGA),"https://api.data.abs.gov.au/data/ABS,ABS_CENSUS2011_B18_LGA"
ABS,ABS_CENSUS2011_B18_SA1_SA,1.0.0,B18 Core Activity Need for Assistance by Age by Sex(SA1 SA),"https://api.data.abs.gov.au/data/ABS,ABS_CENSUS2011_B18_SA1_SA"
ABS,ABS_CENSUS2011_B19,1.0.0,B19 Voluntary Work for an Organisation or Group by Age by Sex,"https://api.data.abs.gov.au/data/ABS,ABS_CENSUS2011_B19"
ABS,ABS_CENSUS2011_B19_LGA,1.0.0,B19 Voluntary Work for an Organisation or Group by Age by Sex (LGA),"https://api.data.abs.gov.au/data/ABS,ABS_CENSUS2011_B19_LGA"
ABS,ABS_CENSUS2011_B19_SA1_SA,1.0.0,B19 Voluntary Work for an Organisation or Group by Age by Sex(SA1 SA),"https://api.data.abs.gov.au/data/ABS,ABS_CENSUS2011_B19_SA1_SA"
ABS,ABS_CENSUS2011_B20,1.0.0,B20 Unpaid Domestic Work: Number of Hour by Age by Sex,"https://api.data.abs.gov.au/data/ABS,ABS_CENSUS2011_B20"
ABS,ABS_CENSUS2011_B20_LGA,1.0.0,B20 Unpaid Domestic Work: Number of Hour by Age by Sex (LGA),"https://api.data.abs.gov.au/data/ABS,ABS_CENSUS2011_B20_LGA"
ABS,ABS_CENSUS2011_B20_SA1_SA,1.0.0,B20 Unpaid Domestic Work: Number of Hour by Age by Sex(SA1 SA),"https://api.data.abs.gov.au/data/ABS,ABS_CENSUS2011_B20_SA1_SA"
ABS,ABS_CENSUS2011_B21,1.0.0,B21 Unpaid Assistance to a Person with a Disability by Age by Sex,"https://api.data.abs.gov.au/data/ABS,ABS_CENSUS2011_B21"
ABS,ABS_CENSUS2011_B21_LGA,1.0.0,B21 Unpaid Assistance to a Person with a Disability by Age by Sex (LGA),"https://api.data.abs.gov.au/data/ABS,ABS_CENSUS2011_B21_LGA"
ABS,ABS_CENSUS2011_B21_SA1_SA,1.0.0,B21 Unpaid Assistance to a Person with a Disability by Age by Sex(SA1 SA),"https://api.data.abs.gov.au/data/ABS,ABS_CENSUS2011_B21_SA1_SA"
ABS,ABS_CENSUS2011_B22,1.0.0,B22 Unpaid Child Care by Age by Sex,"https://api.data.abs.gov.au/data/ABS,ABS_CENSUS2011_B22"
ABS,ABS_CENSUS2011_B22_LGA,1.0.0,B22 Unpaid Child Care by Age by Sex (LGA),"https://api.data.abs.gov.au/data/ABS,ABS_CENSUS2011_B22_LGA"
ABS,ABS_CENSUS2011_B22_SA1_SA,1.0.0,B22 Unpaid Child Care by Age by Sex(SA1 SA),"https://api.data.abs.gov.au/data/ABS,ABS_CENSUS2011_B22_SA1_SA"
ABS,ABS_CENSUS2011_B23,1.0.0,B23 Relationship in Household by Age by Sex,"https://api.data.abs.gov.au/data/ABS,ABS_CENSUS2011_B23"
ABS,ABS_CENSUS2011_B23_LGA,1.0.0,B23 Relationship in Household by Age by Sex (LGA),"https://api.data.abs.gov.au/data/ABS,ABS_CENSUS2011_B23_LGA"
ABS,ABS_CENSUS2011_B23_SA1_SA,1.0.0,B23 Relationship in Household by Age by Sex(SA1 SA),"https://api.data.abs.gov.au/data/ABS,ABS_CENSUS2011_B23_SA1_SA"
ABS,ABS_CENSUS2011_B24,1.0.0,B24 Number of Children Ever Born by Age of Parent,"https://api.data.abs.gov.au/data/ABS,ABS_CENSUS2011_B24"
ABS,ABS_CENSUS2011_B24_LGA,1.0.0,B24 Number of Children Ever Born by Age of Parent (LGA),"https://api.data.abs.gov.au/data/ABS,ABS_CENSUS2011_B24_LGA"
ABS,ABS_CENSUS2011_B24_SA1_SA,1.0.0,B24 Number of Children Ever Born Night by Sex(SA1 SA),"https://api.data.abs.gov.au/data/ABS,ABS_CENSUS2011_B24_SA1_SA"
ABS,ABS_CENSUS2011_B25,1.0.0,B25 Family Composition,"https://api.data.abs.gov.au/data/ABS,ABS_CENSUS2011_B25"
ABS,ABS_CENSUS2011_B25_LGA,1.0.0,B25 Family Composition (LGA),"https://api.data.abs.gov.au/data/ABS,ABS_CENSUS2011_B25_LGA"
ABS,ABS_CENSUS2011_B25_SA1_SA,1.0.0,B25 Family Composition(SA1 SA),"https://api.data.abs.gov.au/data/ABS,ABS_CENSUS2011_B25_SA1_SA"
ABS,ABS_CENSUS2011_B26,1.0.0,B26 Total Family Income (weekly) by Family Composition,"https://api.data.abs.gov.au/data/ABS,ABS_CENSUS2011_B26"
ABS,ABS_CENSUS2011_B26_LGA,1.0.0,B26 Total Family Income (weekly) by Family Composition (LGA),"https://api.data.abs.gov.au/data/ABS,ABS_CENSUS2011_B26_LGA"
ABS,ABS_CENSUS2011_B26_SA1_SA,1.0.0,B26 Total Family Income (weekly) by Family Composition(SA1 SA),"https://api.data.abs.gov.au/data/ABS,ABS_CENSUS2011_B26_SA1_SA"
ABS,ABS_CENSUS2011_B27,1.0.0,B27 Family Blending,"https://api.data.abs.gov.au/data/ABS,ABS_CENSUS2011_B27"
ABS,ABS_CENSUS2011_B27_LGA,1.0.0,B27 Family Blending (LGA),"https://api.data.abs.gov.au/data/ABS,ABS_CENSUS2011_B27_LGA"
ABS,ABS_CENSUS2011_B27_SA1_SA,1.0.0,B27 Family Blending(SA1 SA),"https://api.data.abs.gov.au/data/ABS,ABS_CENSUS2011_B27_SA1_SA"
ABS,ABS_CENSUS2011_B28,1.0.0,B28 Total Household Income (weekly) by Household Composition,"https://api.data.abs.gov.au/data/ABS,ABS_CENSUS2011_B28"
ABS,ABS_CENSUS2011_B28_LGA,1.0.0,B28 Total Household Income (weekly) by Household Composition (LGA),"https://api.data.abs.gov.au/data/ABS,ABS_CENSUS2011_B28_LGA"
ABS,ABS_CENSUS2011_B28_SA1_SA,1.0.0,B28 Total Household Income (weekly) by Household Composition(SA1 SA),"https://api.data.abs.gov.au/data/ABS,ABS_CENSUS2011_B28_SA1_SA"
ABS,ABS_CENSUS2011_B29,1.0.0,B29 Number of Motor Vehicles by Dwellings,"https://api.data.abs.gov.au/data/ABS,ABS_CENSUS2011_B29"
ABS,ABS_CENSUS2011_B29_LGA,1.0.0,B29 Number of Motor Vehicles by Dwellings (LGA),"https://api.data.abs.gov.au/data/ABS,ABS_CENSUS2011_B29_LGA"
ABS,ABS_CENSUS2011_B29_SA1_SA,1.0.0,B29 Number of Motor Vehicles by Dwellings(SA1 SA),"https://api.data.abs.gov.au/data/ABS,ABS_CENSUS2011_B29_SA1_SA"
ABS,ABS_CENSUS2011_B30,1.0.0,B30 Household Composition by Number of Persons Usually Resident,"https://api.data.abs.gov.au/data/ABS,ABS_CENSUS2011_B30"
ABS,ABS_CENSUS2011_B30_LGA,1.0.0,B30 Household Composition by Number of Persons Usually Resident (LGA),"https://api.data.abs.gov.au/data/ABS,ABS_CENSUS2011_B30_LGA"
ABS,ABS_CENSUS2011_B30_SA1_SA,1.0.0,B30 Household Composition by Number of Persons Usually Resident(SA1 SA),"https://api.data.abs.gov.au/data/ABS,ABS_CENSUS2011_B30_SA1_SA"
ABS,ABS_CENSUS2011_B31,1.0.0,B31 Dwelling Structure,"https://api.data.abs.gov.au/data/ABS,ABS_CENSUS2011_B31"
ABS,ABS_CENSUS2011_B31_LGA,1.0.0,B31 Dwelling Structure (LGA),"https://api.data.abs.gov.au/data/ABS,ABS_CENSUS2011_B31_LGA"
ABS,ABS_CENSUS2011_B31_SA1_SA,1.0.0,B31 Dwelling Structure(SA1 SA),"https://api.data.abs.gov.au/data/ABS,ABS_CENSUS2011_B31_SA1_SA"
ABS,ABS_CENSUS2011_B32,1.0.0,B32 Tenure Type and Landlord Type by Dwelling Structure,"https://api.data.abs.gov.au/data/ABS,ABS_CENSUS2011_B32"
ABS,ABS_CENSUS2011_B32_LGA,1.0.0,B32 Tenure Type and Landlord Type by Dwelling Structure (LGA),"https://api.data.abs.gov.au/data/ABS,ABS_CENSUS2011_B32_LGA"
ABS,ABS_CENSUS2011_B32_SA1_SA,1.0.0,B32 Tenure Type and Landlord Type by Dwelling Structure(SA1 SA),"https://api.data.abs.gov.au/data/ABS,ABS_CENSUS2011_B32_SA1_SA"
ABS,ABS_CENSUS2011_B33,1.0.0,B33 Mortgage Repayment (monthly) by Dwelling Structure,"https://api.data.abs.gov.au/data/ABS,ABS_CENSUS2011_B33"
ABS,ABS_CENSUS2011_B33_LGA,1.0.0,B33 Mortgage Repayment (monthly) by Dwelling Structure (LGA),"https://api.data.abs.gov.au/data/ABS,ABS_CENSUS2011_B33_LGA"
ABS,ABS_CENSUS2011_B33_SA1_SA,1.0.0,B33 Mortgage Repayment (monthly) by Dwelling Structure(SA1 SA),"https://api.data.abs.gov.au/data/ABS,ABS_CENSUS2011_B33_SA1_SA"
ABS,ABS_CENSUS2011_B34,1.0.0,B34 Rent (weekly) by Landlord Type,"https://api.data.abs.gov.au/data/ABS,ABS_CENSUS2011_B34"
ABS,ABS_CENSUS2011_B34_LGA,1.0.0,B34 Rent (weekly) by Landlord Type (LGA),"https://api.data.abs.gov.au/data/ABS,ABS_CENSUS2011_B34_LGA"
ABS,ABS_CENSUS2011_B34_SA1_SA,1.0.0,B34 Rent (weekly) by Landlord Type(SA1 SA),"https://api.data.abs.gov.au/data/ABS,ABS_CENSUS2011_B34_SA1_SA"
ABS,ABS_CENSUS2011_B35,1.0.0,B35 Type of Internet Connection by Dwelling Structure,"https://api.data.abs.gov.au/data/ABS,ABS_CENSUS2011_B35"
ABS,ABS_CENSUS2011_B35_LGA,1.0.0,B35 Type of Internet Connection by Dwelling Structure (LGA),"https://api.data.abs.gov.au/data/ABS,ABS_CENSUS2011_B35_LGA"
ABS,ABS_CENSUS2011_B35_SA1_SA,1.0.0,B35 Type of Internet Connection by Dwelling Structure(SA1 SA),"https://api.data.abs.gov.au/data/ABS,ABS_CENSUS2011_B35_SA1_SA"
ABS,ABS_CENSUS2011_B36,1.0.0,B36 Dwelling Structure by Number of Bedrooms,"https://api.data.abs.gov.au/data/ABS,ABS_CENSUS2011_B36"
ABS,ABS_CENSUS2011_B36_LGA,1.0.0,B36 Dwelling Structure by Number of Bedrooms (LGA),"https://api.data.abs.gov.au/data/ABS,ABS_CENSUS2011_B36_LGA"
ABS,ABS_CENSUS2011_B36_SA1_SA,1.0.0,B36 Dwelling Structure by Number of Bedrooms(SA1 SA),"https://api.data.abs.gov.au/data/ABS,ABS_CENSUS2011_B36_SA1_SA"
ABS,ABS_CENSUS2011_B37,1.0.0,"B37 Selected Labour Force, Education and Migration Characteristics by Sex","https://api.data.abs.gov.au/data/ABS,ABS_CENSUS2011_B37"
ABS,ABS_CENSUS2011_B37_LGA,1.0.0,"B37 Selected Labour Force, Education and Migration Characteristics by Sex (LGA)","https://api.data.abs.gov.au/data/ABS,ABS_CENSUS2011_B37_LGA"
ABS,ABS_CENSUS2011_B37_SA1_SA,1.0.0,"B37 Selected Labour Force, Education and Migration Characteristics by Sex(SA1 SA)","https://api.data.abs.gov.au/data/ABS,ABS_CENSUS2011_B37_SA1_SA"
ABS,ABS_CENSUS2011_B38,1.0.0,B38 Place of Usual Residence 1 Year Ago by Sex,"https://api.data.abs.gov.au/data/ABS,ABS_CENSUS2011_B38"
ABS,ABS_CENSUS2011_B38_LGA,1.0.0,B38 Place of Usual Residence 1 Year Ago by Sex (LGA),"https://api.data.abs.gov.au/data/ABS,ABS_CENSUS2011_B38_LGA"
ABS,ABS_CENSUS2011_B38_SA1_SA,1.0.0,B38 Place of Usual Residence 1 Year Ago by Sex(SA1 SA),"https://api.data.abs.gov.au/data/ABS,ABS_CENSUS2011_B38_SA1_SA"
ABS,ABS_CENSUS2011_B39,1.0.0,B39 Place of Usual Residence 5 Years Ago by Sex,"https://api.data.abs.gov.au/data/ABS,ABS_CENSUS2011_B39"
ABS,ABS_CENSUS2011_B39_LGA,1.0.0,B39 Place of Usual Residence 5 Years Ago by Sex (LGA),"https://api.data.abs.gov.au/data/ABS,ABS_CENSUS2011_B39_LGA"
ABS,ABS_CENSUS2011_B39_SA1_SA,1.0.0,B39 Place of Usual Residence 5 Years Ago by Sex(SA1 SA),"https://api.data.abs.gov.au/data/ABS,ABS_CENSUS2011_B39_SA1_SA"
ABS,ABS_CENSUS2011_B40,1.0.0,B40 Non-School Qualification: Level of Education by Age by Sex,"https://api.data.abs.gov.au/data/ABS,ABS_CENSUS2011_B40"
ABS,ABS_CENSUS2011_B40_LGA,1.0.0,B40 Non-School Qualification: Level of Education by Age by Sex (LGA),"https://api.data.abs.gov.au/data/ABS,ABS_CENSUS2011_B40_LGA"
ABS,ABS_CENSUS2011_B40_SA1_SA,1.0.0,B40 Non-School Qualification: Level of Education by Age by Sex(SA1 SA),"https://api.data.abs.gov.au/data/ABS,ABS_CENSUS2011_B40_SA1_SA"
ABS,ABS_CENSUS2011_B41,1.0.0,B41 Non-School Qualification: Field of Study by Age by Sex,"https://api.data.abs.gov.au/data/ABS,ABS_CENSUS2011_B41"
ABS,ABS_CENSUS2011_B41_LGA,1.0.0,B41 Non-School Qualification: Field of Study by Age by Sex (LGA),"https://api.data.abs.gov.au/data/ABS,ABS_CENSUS2011_B41_LGA"
ABS,ABS_CENSUS2011_B41_SA1_SA,1.0.0,B41 Non-School Qualification: Field of Study by Age by Sex(SA1 SA),"https://api.data.abs.gov.au/data/ABS,ABS_CENSUS2011_B41_SA1_SA"
ABS,ABS_CENSUS2011_B42,1.0.0,B42 Labour Force Status by Age by Sex,"https://api.data.abs.gov.au/data/ABS,ABS_CENSUS2011_B42"
ABS,ABS_CENSUS2011_B42_LGA,1.0.0,B42 Labour Force Status by Age by Sex (LGA),"https://api.data.abs.gov.au/data/ABS,ABS_CENSUS2011_B42_LGA"
ABS,ABS_CENSUS2011_B42_SA1_SA,1.0.0,B42 Labour Force Status by Age by Sex(SA1 SA),"https://api.data.abs.gov.au/data/ABS,ABS_CENSUS2011_B42_SA1_SA"
ABS,ABS_CENSUS2011_B43,1.0.0,B43 Industry of Employment by Age by Sex,"https://api.data.abs.gov.au/data/ABS,ABS_CENSUS2011_B43"
ABS,ABS_CENSUS2011_B43_LGA,1.0.0,B43 Industry of Employment by Age by Sex (LGA),"https://api.data.abs.gov.au/data/ABS,ABS_CENSUS2011_B43_LGA"
ABS,ABS_CENSUS2011_B43_SA1_SA,1.0.0,B43 Industry of Employment by Age by Sex(SA1 SA),"https://api.data.abs.gov.au/data/ABS,ABS_CENSUS2011_B43_SA1_SA"
ABS,ABS_CENSUS2011_B44,1.0.0,B44 Industry of Employment by Occupation,"https://api.data.abs.gov.au/data/ABS,ABS_CENSUS2011_B44"
ABS,ABS_CENSUS2011_B44_LGA,1.0.0,B44 Industry of Employment by Occupation (LGA),"https://api.data.abs.gov.au/data/ABS,ABS_CENSUS2011_B44_LGA"
ABS,ABS_CENSUS2011_B44_SA1_SA,1.0.0,B44 Industry of Employment by Occupation(SA1 SA),"https://api.data.abs.gov.au/data/ABS,ABS_CENSUS2011_B44_SA1_SA"
ABS,ABS_CENSUS2011_B45,1.0.0,B45 Occupation by Age by Sex,"https://api.data.abs.gov.au/data/ABS,ABS_CENSUS2011_B45"
ABS,ABS_CENSUS2011_B45_LGA,1.0.0,B45 Occupation by Age by Sex (LGA),"https://api.data.abs.gov.au/data/ABS,ABS_CENSUS2011_B45_LGA"
ABS,ABS_CENSUS2011_B45_SA1_SA,1.0.0,B45 Occupation by Age by Sex (SA1 SA),"https://api.data.abs.gov.au/data/ABS,ABS_CENSUS2011_B45_SA1_SA"
ABS,ABS_CENSUS2011_B46,1.0.0,B46 Method of Travel to Work by Sex,"https://api.data.abs.gov.au/data/ABS,ABS_CENSUS2011_B46"
ABS,ABS_CENSUS2011_B46_LGA,1.0.0,B46 Method of Travel to Work by Sex (LGA),"https://api.data.abs.gov.au/data/ABS,ABS_CENSUS2011_B46_LGA"
ABS,ABS_CENSUS2011_B46_SA1_SA,1.0.0,B46 Method of Travel to Work by Sex (SA1 SA),"https://api.data.abs.gov.au/data/ABS,ABS_CENSUS2011_B46_SA1_SA"
ABS,ABS_CENSUS2011_T01,1.0.0,T01 Selected Person Characteristics,"https://api.data.abs.gov.au/data/ABS,ABS_CENSUS2011_T01"
ABS,ABS_CENSUS2011_T01_LGA,1.0.0,T01 Selected Person Characteristics (LGA),"https://api.data.abs.gov.au/data/ABS,ABS_CENSUS2011_T01_LGA"
ABS,ABS_CENSUS2011_T02,1.0.0,T02 Selected Medians and Averages,"https://api.data.abs.gov.au/data/ABS,ABS_CENSUS2011_T02"
ABS,ABS_CENSUS2011_T02_LGA,1.0.0,T02 Selected Medians and Averages (LGA),"https://api.data.abs.gov.au/data/ABS,ABS_CENSUS2011_T02_LGA"
ABS,ABS_CENSUS2011_T03,1.0.0,T03 Age by Sex,"https://api.data.abs.gov.au/data/ABS,ABS_CENSUS2011_T03"
ABS,ABS_CENSUS2011_T03_LGA,1.0.0,T03 Age by Sex (LGA),"https://api.data.abs.gov.au/data/ABS,ABS_CENSUS2011_T03_LGA"
ABS,ABS_CENSUS2011_T04,1.0.0,T04 Registered Marital Status by Age by Sex,"https://api.data.abs.gov.au/data/ABS,ABS_CENSUS2011_T04"
ABS,ABS_CENSUS2011_T04_LGA,1.0.0,T04 Registered Marital Status by Age by Sex (LGA),"https://api.data.abs.gov.au/data/ABS,ABS_CENSUS2011_T04_LGA"
ABS,ABS_CENSUS2011_T05,1.0.0,T05 Social Marital Status by Age by Sex,"https://api.data.abs.gov.au/data/ABS,ABS_CENSUS2011_T05"
ABS,ABS_CENSUS2011_T05_LGA,1.0.0,T05 Social Marital Status by Age by Sex (LGA),"https://api.data.abs.gov.au/data/ABS,ABS_CENSUS2011_T05_LGA"
ABS,ABS_CENSUS2011_T06,1.0.0,T06 Indigenous Status by Age by Sex,"https://api.data.abs.gov.au/data/ABS,ABS_CENSUS2011_T06"
ABS,ABS_CENSUS2011_T06_LGA,1.0.0,T06 Indigenous Status by Age by Sex (LGA),"https://api.data.abs.gov.au/data/ABS,ABS_CENSUS2011_T06_LGA"
ABS,ABS_CENSUS2011_T07,1.0.0,T07 Number of Children Ever Born by Age of Parent,"https://api.data.abs.gov.au/data/ABS,ABS_CENSUS2011_T07"
ABS,ABS_CENSUS2011_T07_LGA,1.0.0,T07 Number of Children Ever Born by Age of Parent (LGA),"https://api.data.abs.gov.au/data/ABS,ABS_CENSUS2011_T07_LGA"
ABS,ABS_CENSUS2011_T08,1.0.0,T08 Country of Birth of Person by Sex,"https://api.data.abs.gov.au/data/ABS,ABS_CENSUS2011_T08"
ABS,ABS_CENSUS2011_T08_LGA,1.0.0,T08 Country of Birth of Person by Sex (LGA),"https://api.data.abs.gov.au/data/ABS,ABS_CENSUS2011_T08_LGA"
ABS,ABS_CENSUS2011_T09,1.0.0,T09 Ancestry by Birthplace of Parents,"https://api.data.abs.gov.au/data/ABS,ABS_CENSUS2011_T09"
ABS,ABS_CENSUS2011_T09_LGA,1.0.0,T09 Ancestry by Birthplace of Parents (LGA),"https://api.data.abs.gov.au/data/ABS,ABS_CENSUS2011_T09_LGA"
ABS,ABS_CENSUS2011_T10,1.0.0,T10 Language Spoken at Home by Sex,"https://api.data.abs.gov.au/data/ABS,ABS_CENSUS2011_T10"
ABS,ABS_CENSUS2011_T10_LGA,1.0.0,T10 Language Spoken at Home by Sex (LGA),"https://api.data.abs.gov.au/data/ABS,ABS_CENSUS2011_T10_LGA"
ABS,ABS_CENSUS2011_T11,1.0.0,T11 Proficiency in Spoken English/Language by Age,"https://api.data.abs.gov.au/data/ABS,ABS_CENSUS2011_T11"
ABS,ABS_CENSUS2011_T11_LGA,1.0.0,T11 Proficiency in Spoken English/Language by Age (LGA),"https://api.data.abs.gov.au/data/ABS,ABS_CENSUS2011_T11_LGA"
ABS,ABS_CENSUS2011_T12,1.0.0,T12 Religious Affiliation by Age,"https://api.data.abs.gov.au/data/ABS,ABS_CENSUS2011_T12"
ABS,ABS_CENSUS2011_T12_LGA,1.0.0,T12 Religious Affiliation by Age (LGA),"https://api.data.abs.gov.au/data/ABS,ABS_CENSUS2011_T12_LGA"
ABS,ABS_CENSUS2011_T13,1.0.0,T13 Type of Educational Institution Attending by Sex,"https://api.data.abs.gov.au/data/ABS,ABS_CENSUS2011_T13"
ABS,ABS_CENSUS2011_T13_LGA,1.0.0,T13 Type of Educational Institution Attending by Sex (LGA),"https://api.data.abs.gov.au/data/ABS,ABS_CENSUS2011_T13_LGA"
ABS,ABS_CENSUS2011_T14,1.0.0,T14 Dwelling Structure by Household Composition and Family Composition,"https://api.data.abs.gov.au/data/ABS,ABS_CENSUS2011_T14"
ABS,ABS_CENSUS2011_T14_LGA,1.0.0,T14 Dwelling Structure by Household Composition and Family Composition (LGA),"https://api.data.abs.gov.au/data/ABS,ABS_CENSUS2011_T14_LGA"
ABS,ABS_CENSUS2011_T15,1.0.0,T15 Dwelling Structure by Number of Persons Usually Resident,"https://api.data.abs.gov.au/data/ABS,ABS_CENSUS2011_T15"
ABS,ABS_CENSUS2011_T15_LGA,1.0.0,T15 Dwelling Structure by Number of Persons Usually Resident (LGA),"https://api.data.abs.gov.au/data/ABS,ABS_CENSUS2011_T15_LGA"
ABS,ABS_CENSUS2011_T16,1.0.0,T16 Dwelling Structure and Number of Bedrooms by Number of Persons Usually Resident for Family Households,"https://api.data.abs.gov.au/data/ABS,ABS_CENSUS2011_T16"
ABS,ABS_CENSUS2011_T16_LGA,1.0.0,T16 Dwelling Structure and Number of Bedrooms by Number of Persons Usually Resident for Family Households (LGA),"https://api.data.abs.gov.au/data/ABS,ABS_CENSUS2011_T16_LGA"
ABS,ABS_CENSUS2011_T17,1.0.0,T17 Dwelling Structure and Number of Bedrooms by Number of Persons Usually Resident for Group Households,"https://api.data.abs.gov.au/data/ABS,ABS_CENSUS2011_T17"
ABS,ABS_CENSUS2011_T17_LGA,1.0.0,T17 Dwelling Structure and Number of Bedrooms by Number of Persons Usually Resident for Group Households (LGA),"https://api.data.abs.gov.au/data/ABS,ABS_CENSUS2011_T17_LGA"
ABS,ABS_CENSUS2011_T18,1.0.0,T18 Tenure Type and Landlord Type by Dwelling Structure,"https://api.data.abs.gov.au/data/ABS,ABS_CENSUS2011_T18"
ABS,ABS_CENSUS2011_T18_LGA,1.0.0,T18 Tenure Type and Landlord Type by Dwelling Structure (LGA),"https://api.data.abs.gov.au/data/ABS,ABS_CENSUS2011_T18_LGA"
ABS,ABS_CENSUS2011_T19,1.0.0,T19 Rent (weekly) by Landlord Type,"https://api.data.abs.gov.au/data/ABS,ABS_CENSUS2011_T19"
ABS,ABS_CENSUS2011_T19_LGA,1.0.0,T19 Rent (weekly) by Landlord Type (LGA),"https://api.data.abs.gov.au/data/ABS,ABS_CENSUS2011_T19_LGA"
ABS,ABS_CENSUS2011_T20,1.0.0,T20 Rent (weekly) by Family Composition for Couple Families,"https://api.data.abs.gov.au/data/ABS,ABS_CENSUS2011_T20"
ABS,ABS_CENSUS2011_T20_LGA,1.0.0,T20 Rent (weekly) by Family Composition for Couple Families (LGA),"https://api.data.abs.gov.au/data/ABS,ABS_CENSUS2011_T20_LGA"
ABS,ABS_CENSUS2011_T21,1.0.0,T21 Rent (weekly) by Family Composition for One Parent Families,"https://api.data.abs.gov.au/data/ABS,ABS_CENSUS2011_T21"
ABS,ABS_CENSUS2011_T21_LGA,1.0.0,T21 Rent (weekly) by Family Composition for One Parent Families (LGA),"https://api.data.abs.gov.au/data/ABS,ABS_CENSUS2011_T21_LGA"
ABS,ABS_CENSUS2011_T22,1.0.0,T22 Total Family Income (weekly) by Number of Children for Couple Families,"https://api.data.abs.gov.au/data/ABS,ABS_CENSUS2011_T22"
ABS,ABS_CENSUS2011_T22_LGA,1.0.0,T22 Total Family Income (weekly) by Number of Children for Couple Families (LGA),"https://api.data.abs.gov.au/data/ABS,ABS_CENSUS2011_T22_LGA"
ABS,ABS_CENSUS2011_T23,1.0.0,T23 Total Family Income (weekly) by Number of Children for One Parent Families,"https://api.data.abs.gov.au/data/ABS,ABS_CENSUS2011_T23"
ABS,ABS_CENSUS2011_T23_LGA,1.0.0,T23 Total Family Income (weekly) by Number of Children for One Parent Families (LGA),"https://api.data.abs.gov.au/data/ABS,ABS_CENSUS2011_T23_LGA"
ABS,ABS_CENSUS2011_T24,1.0.0,T24 Total Household Income (weekly) by Rent (weekly),"https://api.data.abs.gov.au/data/ABS,ABS_CENSUS2011_T24"
ABS,ABS_CENSUS2011_T24_LGA,1.0.0,T24 Total Household Income (weekly) by Rent (weekly) (LGA),"https://api.data.abs.gov.au/data/ABS,ABS_CENSUS2011_T24_LGA"
ABS,ABS_CENSUS2011_T25,1.0.0,T25 Family Composition by Mortgage Repayment,"https://api.data.abs.gov.au/data/ABS,ABS_CENSUS2011_T25"
ABS,ABS_CENSUS2011_T25_LGA,1.0.0,T25 Family Composition by Mortgage Repayment (LGA),"https://api.data.abs.gov.au/data/ABS,ABS_CENSUS2011_T25_LGA"
ABS,ABS_CENSUS2011_T26,1.0.0,T26 Family Composition by Income Comparison for Parents/Partners,"https://api.data.abs.gov.au/data/ABS,ABS_CENSUS2011_T26"
ABS,ABS_CENSUS2011_T26_LGA,1.0.0,T26 Family Composition by Income Comparison for Parents/Partners (LGA),"https://api.data.abs.gov.au/data/ABS,ABS_CENSUS2011_T26_LGA"
ABS,ABS_CENSUS2011_T27,1.0.0,T27 Family Composition and Social Marital Status by Number of Dependent Children,"https://api.data.abs.gov.au/data/ABS,ABS_CENSUS2011_T27"
ABS,ABS_CENSUS2011_T27_LGA,1.0.0,T27 Family Composition and Social Marital Status by Number of Dependent Children (LGA),"https://api.data.abs.gov.au/data/ABS,ABS_CENSUS2011_T27_LGA"
ABS,ABS_CENSUS2011_T28,1.0.0,"T28 Selected Labour Force, Education and Migration Characteristics","https://api.data.abs.gov.au/data/ABS,ABS_CENSUS2011_T28"
ABS,ABS_CENSUS2011_T28_LGA,1.0.0,"T28 Selected Labour Force, Education and Migration Characteristics (LGA)","https://api.data.abs.gov.au/data/ABS,ABS_CENSUS2011_T28_LGA"
ABS,ABS_CENSUS2011_T29,1.0.0,T29 Family Composition and Labour Force Status of Parent(s)/Partners by Total Family Income (weekly),"https://api.data.abs.gov.au/data/ABS,ABS_CENSUS2011_T29"
ABS,ABS_CENSUS2011_T29_LGA,1.0.0,T29 Family Composition and Labour Force Status of Parent(s)/Partners by Total Family Income (weekly) (LGA),"https://api.data.abs.gov.au/data/ABS,ABS_CENSUS2011_T29_LGA"
ABS,ABS_CENSUS2011_T30,1.0.0,T30 Non-School Qualification: Level of Education by Age by Sex,"https://api.data.abs.gov.au/data/ABS,ABS_CENSUS2011_T30"
ABS,ABS_CENSUS2011_T30_LGA,1.0.0,T30 Non-School Qualification: Level of Education by Age by Sex (LGA),"https://api.data.abs.gov.au/data/ABS,ABS_CENSUS2011_T30_LGA"
ABS,ABS_CENSUS2011_T31,1.0.0,T31 Non-School Qualification: Field of Study by Age by Sex,"https://api.data.abs.gov.au/data/ABS,ABS_CENSUS2011_T31"
ABS,ABS_CENSUS2011_T31_LGA,1.0.0,T31 Non-School Qualification: Field of Study by Age by Sex (LGA),"https://api.data.abs.gov.au/data/ABS,ABS_CENSUS2011_T31_LGA"
ABS,ABS_CENSUS2011_T32,1.0.0,T32 Labour Force Status by Age by Sex,"https://api.data.abs.gov.au/data/ABS,ABS_CENSUS2011_T32"
ABS,ABS_CENSUS2011_T32_LGA,1.0.0,T32 Labour Force Status by Age by Sex (LGA),"https://api.data.abs.gov.au/data/ABS,ABS_CENSUS2011_T32_LGA"
ABS,ABS_CENSUS2011_T33,1.0.0,T33 Industry of Employment by Sex,"https://api.data.abs.gov.au/data/ABS,ABS_CENSUS2011_T33"
ABS,ABS_CENSUS2011_T33_LGA,1.0.0,T33 Industry of Employment by Sex (LGA),"https://api.data.abs.gov.au/data/ABS,ABS_CENSUS2011_T33_LGA"
ABS,ABS_CENSUS2011_T34,1.0.0,T34 Occupation by Sex,"https://api.data.abs.gov.au/data/ABS,ABS_CENSUS2011_T34"
ABS,ABS_CENSUS2011_T34_LGA,1.0.0,T34 Occupation by Sex (LGA),"https://api.data.abs.gov.au/data/ABS,ABS_CENSUS2011_T34_LGA"
ABS,ABS_DEM_QIM,1.0.0,Interstate Migration by States and Territories of Arrival and Departure by Sex,"https://api.data.abs.gov.au/data/ABS,ABS_DEM_QIM,1.0.0/3...Q?startPeriod=2020-Q3"
ABS,ABS_ERP_ASGS,1.0.0,"ERP by SA2 (ASGS 2011), Age and Sex, 2001 to 2016","https://api.data.abs.gov.au/data/ABS,ABS_ERP_ASGS/.3..STE..A?startPeriod=2016"
ABS,ABS_ERP_COB_STATE,1.0.0,"Estimated resident population, Country of birth, State/Territories, Age and sex - as at 30 June 1996 to 2016","https://api.data.abs.gov.au/data/ABS,ABS_ERP_COB_STATE/TOT.3..AUS.A?startPeriod=1996"
ABS,ABS_ERP_COMP_LGA,1.0.0,"ERP and components by LGA (ASGS 2017), 2017","https://api.data.abs.gov.au/data/ABS,ABS_ERP_COMP_LGA/.STE..A?startPeriod=2018"
ABS,ABS_ERP_COMP_LGA2018,1.0.0,"ERP and components by LGA (ASGS 2018), 2017 to 2018","https://api.data.abs.gov.au/data/ABS,ABS_ERP_COMP_LGA2018/.STE..A?startPeriod=2018"
ABS,ABS_ERP_LGA2016,1.0.0,"ERP by LGA (ASGS 2016), 2001 to 2016","https://api.data.abs.gov.au/data/ABS,ABS_ERP_LGA2016/.LGA2016.0+1+2+3+4+5+6+7+8+9.A?startPeriod=2001"
ABS,ABS_ERP_LGA2017,1.0.0,"ERP by LGA (ASGS 2017), 2001 to 2017","https://api.data.abs.gov.au/data/ABS,ABS_ERP_LGA2017/.LGA2017.0+1+2+3+4+5+6+7+8+9.A?startPeriod=2001"
ABS,ABS_ERP_LGA2018,1.0.0,"ERP by LGA (ASGS 2018), 2001 to 2018","https://api.data.abs.gov.au/data/ABS,ABS_ERP_LGA2018/.LGA2018.0+1+2+3+4+5+6+7+8+9.A?startPeriod=2001"
ABS,ABS_FAMILY_PROJ,1.0.0,"Projected families, Australia, 2016 to 2041","https://api.data.abs.gov.au/data/ABS,ABS_FAMILY_PROJ/0...A"
ABS,ABS_HH_PROV,1.0.0,"Projected households, Australia, 2016 to 2041","https://api.data.abs.gov.au/data/ABS,ABS_HH_PROV/0...A"
ABS,ABS_INTERNET_ACCESS,1.0.0,Characteristics of internet access,"https://api.data.abs.gov.au/data/ABS,ABS_INTERNET_ACCESS/.9999+PB1+PB2+PB3+PB4.TOTAL.0.A"
ABS,ABS_INTERNET_COMMERCE,1.0.0,Internet commerce,"https://api.data.abs.gov.au/data/ABS,ABS_INTERNET_COMMERCE/...0.A"
ABS,ABS_IT_BARRIER,1.0.0,Barriers to general business activities or performance,"https://api.data.abs.gov.au/data/ABS,ABS_IT_BARRIER/.9999+PB1+PB2+PB3+PB4.TOTAL.9999.0.A"
ABS,ABS_IT_BUS_STRUC,1.0.0,Business structure and operations,"https://api.data.abs.gov.au/data/ABS,ABS_IT_BUS_STRUC/..TOTAL.9999.0.A"
ABS,ABS_IT_FINANCE,1.0.0,Government finance assistance received,"https://api.data.abs.gov.au/data/ABS,ABS_IT_FINANCE/.9999..0.A"
ABS,ABS_IT_INNOVATION,1.0.0,Business innovation,"https://api.data.abs.gov.au/data/ABS,ABS_IT_INNOVATION/.9999..0.A"
ABS,ABS_IT_MKTCOMP,1.0.0,Business Markets and Competition,"https://api.data.abs.gov.au/data/ABS,ABS_IT_MKTCOMP/.9999...0.A"
ABS,ABS_IT_PERF,1.0.0,Business performance,"https://api.data.abs.gov.au/data/ABS,ABS_IT_PERF/.9999...0.A"
ABS,ABS_IT_SKILLS,1.0.0,Skills,"https://api.data.abs.gov.au/data/ABS,ABS_IT_SKILLS/.9999...0.A"
ABS,ABS_IT_SUPPORT,1.0.0,Characteristics of IT in Australian Businesses,"https://api.data.abs.gov.au/data/ABS,ABS_IT_SUPPORT/.9999..0.A"
ABS,ABS_LABOUR_ACCT,1.0.0,"Labour Account Australia, Annual Balanced: Subdivision, Division and Total All Industries",https://api.data.abs.gov.au/data/ITGS/M1.110..AUS.M?startPeriod=2020
ABS,ABS_LABOUR_ACCT_UNBAL,1.0.0,"Labour Account Australia, Annual Unbalanced: Total All Industries","https://api.data.abs.gov.au/data/ABS,ABS_LABOUR_ACCT_UNBAL/...A?startPeriod=2000"
ABS,ABS_LAMPS,1.0.0,"Land Management Practices Survey, 2011-12","https://api.data.abs.gov.au/data/ABS,ABS_LAMPS/..TOTAL.0.A?startPeriod=2012"
ABS,ABS_LAMPS2014,1.0.0,"Land Management Practices Survey, 2013-14","https://api.data.abs.gov.au/data/ABS,ABS_LAMPS2014/..TOTAL.0.A"
ABS,ABS_LAND_COVER,1.0.0,Land cover net change matrix 2005-06 to 2010-11 (Hectares),"https://api.data.abs.gov.au/data/ABS,ABS_LAND_COVER/0.."
ABS,ABS_LAND_USE,1.0.0,Land use net change matrix 2006 to 2011,"https://api.data.abs.gov.au/data/ABS,ABS_LAND_USE/1+2+3+9+51+52+53+101+102+103+104+T+4_6+55_56+5R+7_8.1+2+3+9+51+52+53+101+102+103+104+200+205+210+4_6+55_56+5R+7_8.1+2.?startPeriod=2011"
ABS,ABS_MONETARY_ACCOUNT,1.0.0,Monetary account for land use 2006 to 2011 ($'000),"https://api.data.abs.gov.au/data/ABS,ABS_MONETARY_ACCOUNT"
ABS,ABS_NOM_VISA_CY,1.0.0,"Net overseas migration, Arrivals, departures and net, State/territory, Major groupings and visas - Calendar years, 2004 onwards","https://api.data.abs.gov.au/data/ABS,ABS_NOM_VISA_CY/..AUS.A?startPeriod=2015"
ABS,ABS_NOM_VISA_FY,1.0.0,"Net overseas migration, Arrivals, departures and net, State/territory, Major groupings and visas - Financial years, 2004-05 onwards","https://api.data.abs.gov.au/data/ABS,ABS_NOM_VISA_FY/..AUS.A?startPeriod=2015"
ABS,ABS_PERSONS_PROJ,1.0.0,"Projected persons, by living arrangement, Australia, 2016 to 2041","https://api.data.abs.gov.au/data/ABS,ABS_PERSONS_PROJ/0.8599+TT+A04+A59+A10+A15+A20+A25+A30+A35+A40+A45+A50+A55+A60+A65+A70+A75+A80.16.1+2+3.A?startPeriod=2021"
ABS,ABS_PHYSICAL_ACCOUNT_LC,1.0.0,Physical account for land cover 2006 to 2011 (Hectares),"https://api.data.abs.gov.au/data/ABS,ABS_PHYSICAL_ACCOUNT_LC"
ABS,ABS_PHYSICAL_ACCOUNT_LU,1.0.0,Physical account for land use 2006 to 2011 (Hectares),"https://api.data.abs.gov.au/data/ABS,ABS_PHYSICAL_ACCOUNT_LU"
ABS,ABS_REGIONAL_ASGS2016,1.0.0,"Regional Statistics, ASGS 2016, 2011-2018","https://api.data.abs.gov.au/data/ABS,ABS_REGIONAL_ASGS2016/..0.A?startPeriod=2011"
ABS,ABS_REGIONAL_LGA2017,1.0.0,"Regional Statistics, LGA 2017, 2011-2017","https://api.data.abs.gov.au/data/ABS,ABS_REGIONAL_LGA2017/..10050.A?startPeriod=2011"
ABS,ABS_REGIONAL_LGA2018,1.0.0,"Regional Statistics by LGA 2018, 2011-2018","https://api.data.abs.gov.au/data/ABS,ABS_REGIONAL_LGA2018/..10050.A?startPeriod=2011"
ABS,ABS_REGIONAL_ASGS2016,1.0.0,"Regional Statistics, ASGS 2016, 2011-2020","https://api.data.abs.gov.au/data/ABS,ABS_REGIONAL_ASGS2016,1.1.0/..0.A?startPeriod=2019"
ABS,ABS_REGIONAL_LGA2020,1.0.0,"Regional Statistics by LGA 2020, 2011-2020","https://api.data.abs.gov.au/data/ABS,ABS_REGIONAL_LGA2020/..10050.A?startPeriod=2019"
ABS,ABS_REGIONAL_REMOTENESS,1.0.0,"Regional Statistics by Remoteness Structure (ASGS 2016), 2011-2020","https://api.data.abs.gov.au/data/ABS,ABS_REGIONAL_REMOTENESS,1.0.0/..10.A?startPeriod=2011"
ABS,ABS_REGIONAL_INDIGENOUS,1.0.0,"Regional Statistics by Indigenous Structure (ASGS 2016), 2011-2020","https://api.data.abs.gov.au/data/ABS,ABS_REGIONAL_INDIGENOUS/..101.A?startPeriod=2019"
ABS,ABS_REGIONAL_MIGRATION,1.0.0,"Net internal and overseas migration estimates by region (SA2 and above) and age, 2016-17 onwards","https://api.data.abs.gov.au/data/ABS,ABS_REGIONAL_MIGRATION/6..1+2+3+4+5+6+7+8+9..A?startPeriod=2019"
ABS,ABS_SEIFA2016_LGA,1.0.0,SEIFA 2016 by Local Government Area (LGA),"https://api.data.abs.gov.au/data/ABS,ABS_SEIFA2016_LGA/800..?startPeriod=2016"
ABS,ABS_SEIFA2016_POA,1.0.0,SEIFA 2016 by Postal Area Code (POA),"https://api.data.abs.gov.au/data/ABS,ABS_SEIFA2016_POA/800..?startPeriod=2016-Q1"
ABS,ABS_SEIFA2016_SA1,1.0.0,SEIFA 2016 by Statistical Area 1 (SA1),"https://api.data.abs.gov.au/data/ABS,ABS_SEIFA2016_SA1/1100701..?startPeriod=2016-Q1"
ABS,ABS_SEIFA2016_SA2,1.0.0,SEIFA 2016 by Statistical Area 2 (SA2),"https://api.data.abs.gov.au/data/ABS,ABS_SEIFA2016_SA2/102011028..?startPeriod=2016-Q1"
ABS,ABS_SEIFA2016_SSC,1.0.0,SEIFA 2016 by State Suburb Code (SSC),"https://api.data.abs.gov.au/data/ABS,ABS_SEIFA2016_SSC/10001..?startPeriod=2011"
ABS,ABS_SEIFA_LGA,1.0.0,SEIFA 2011 by Local Government Area (LGA),"https://api.data.abs.gov.au/data/ABS,ABS_SEIFA_LGA/10050..?startPeriod=2016"
ABS,ABS_SEIFA_SA2,1.0.0,SEIFA 2011 by Statistical Area 2 (SA2),"https://api.data.abs.gov.au/data/ABS,ABS_SEIFA_SA2/102011028..?startPeriod=2011"
ABS,ABS_SEIFA_SLA,1.0.0,SEIFA 2011 by Statistical Local Area (SLA),"https://api.data.abs.gov.au/data/ABS,ABS_SEIFA_SLA/105051100..?startPeriod=2011-Q1"
ABS,ABS_SU_TABLE_2018,1.0.0,Supply Use Table,"https://api.data.abs.gov.au/data/ABS,ABS_SU_TABLE_2018/..10.A"
ABS,ALC,1.0.0,"Apparent Consumption of Alcohol, Australia","https://api.data.abs.gov.au/data/ABS,ALC/....A?startPeriod=2000"
ABS,AMLPS_PART_2017,1.0.0,Australian Marriage Law Postal Survey 2017 - Participation,"https://api.data.abs.gov.au/data/ABS,AMLPS_PART_2017/...1."
ABS,AMLPS_RESP_2017,1.0.0,Australian Marriage Law Postal Survey 2017 - Response,"https://api.data.abs.gov.au/data/ABS,AMLPS_RESP_2017/EP_TOT+EP_CLR+EP_NCLR+EP_NR+RESPCLR_TOT+RESPCLR_Y+RESPCLR_N.1+2..0+1+2+4+5+6+7+8"
ABS,ANA_AGG,1.0.0,Australian National Accounts Key Aggregates,"https://api.data.abs.gov.au/data/ABS,ANA_AGG/...AUS.Q?startPeriod=2020"
ABS,ANNUAL_ERP_ASGS2016,1.0.0,"ERP by SA2 and above (ASGS 2016), 2001 onwards","https://api.data.abs.gov.au/data/ABS,ANNUAL_ERP_ASGS2016/..0.A?startPeriod=2010"
ABS,ATSI_BIRTHS_SUMM,1.0.0,"Aboriginal and Torres Strait Islander births and confinements, summary, by state","https://api.data.abs.gov.au/data/ABS,ATSI_BIRTHS_SUMM/..0+1+2+3+4+5+6+7+8.A?startPeriod=2010"
ABS,ATSI_FERTILITY,1.0.0,"Aboriginal and Torres Strait Islander fertility, by age, by state","https://api.data.abs.gov.au/data/ABS,ATSI_FERTILITY/...0+1+2+3+4+5+6+7+8.A?startPeriod=2010"
ABS,AWE,1.0.0,Average Weekly Earnings,"https://api.data.abs.gov.au/data/ABS,AWE/..1+2.7..10.AUS.Q?startPeriod=2020"
ABS,BA_GCCSA,1.0.0,Building Approvals by Greater Capital Cities Statistical Area (GCCSA) and above,"https://api.data.abs.gov.au/data/ABS,BA_GCCSA/3.1.9.TOT.TOT.10.1+2+3+4+5+6+7+8+1GSYD+1RNSW+2GMEL+2RVIC+3GBRI+3RQLD+4GADE+4RSAU+5GPER+5RWAU+6GHOB+6RTAS+7GDAR+7RNTE+8ACTE.M?startPeriod=2020-02"
ABS,BA_LGA2018,1.0.0,Building Approvals by Local Government Area (LGA 2018),"https://api.data.abs.gov.au/data/ABS,BA_LGA2018/..TOT.TOT..0.M?startPeriod=2017"
ABS,BA_LGA2019,1.0.0,Building Approvals by Local Government Area (LGA 2019),"https://api.data.abs.gov.au/data/ABS,BA_LGA2019/..TOT.TOT..0.M?startPeriod=2018"
ABS,BA_LGA2020,1.0.0,Building Approvals by Local Government Area (LGA 2020),"https://api.data.abs.gov.au/data/ABS,BA_LGA2020/..TOT.TOT..0.M?startPeriod=2020"
ABS,BA_LGA2021,1.0.0,Building Approvals by Local Government Area (LGA 2021),"https://api.data.abs.gov.au/data/ABS,BA_LGA2021/..TOT.TOT..AUS.M"
ABS,BA_SA2,1.0.0,Building Approvals by SA2 and above,"https://api.data.abs.gov.au/data/ABS,BA_SA2/..TOT.TOT..0.M?startPeriod=2020"
ABS,BA_SA2_201116,1.0.0,"Building Approvals by SA2 and above, July 2011 to June 2016","https://api.data.abs.gov.au/data/ABS,BA_SA2_201116/..TOT.TOT..0.M?startPeriod=2016"
ABS,BIRTHS_AGE_FATHER,1.0.0,"Births, by nuptiality, by age of father","https://api.data.abs.gov.au/data/ABS,BIRTHS_AGE_FATHER/1.TOT...A?startPeriod=2010"
ABS,BIRTHS_AGE_MOTHER,1.0.0,"Births, by nuptiality, by age of mother","https://api.data.abs.gov.au/data/ABS,BIRTHS_AGE_MOTHER/1.TOT...A?startPeriod=2010"
ABS,BIRTHS_MONTH_OCCURRENCE,1.0.0,"Births, by year and month of occurrence, by state","https://api.data.abs.gov.au/data/ABS,BIRTHS_MONTH_OCCURRENCE/1.TOT...A?startPeriod=2010"
ABS,BIRTHS_SUMMARY,1.0.0,"Births, summary, by state","https://api.data.abs.gov.au/data/ABS,BIRTHS_SUMMARY/1...AUS.A?startPeriod=2010"
ABS,BOP,1.0.0,Balance of Payments,"https://api.data.abs.gov.au/data/ABS,BOP/1.100+110+120+130+170+180+1000+2000+4000+6000+8100+8110+8210+8305+8400+8450+8510+8520+8610+8620+8700+8710+8720+8750+8800+8805+8810+8815+8820+8825+8830+8835+8840+8845+8850+8855+8860+8865+8900.10.Q?startPeriod=2019-Q1"
ABS,BUILDING_ACTIVITY,1.0.0,Building Activity,"https://api.data.abs.gov.au/data/ABS,BUILDING_ACTIVITY/...TOT.9.TOT..Q?startPeriod=2019"
ABS,CAPEX,1.0.0,Private New Capital Expenditure and Expected Expenditure,"https://api.data.abs.gov.au/data/ABS,CAPEX/M1.CUR.1+2+TOT.P01+P02+P98+TOT..AUS.Q?startPeriod=2019-Q1"
ABS,BUSINESS_TURNOVER,1.0.0,Monthly Business Turnover Indicator,"https://api.data.abs.gov.au/data/ABS,BUSINESS_TURNOVER?startPeriod=2020-07"
ABS,BWD,1.0.0,"Building Work Done, Preliminary","https://api.data.abs.gov.au/data/ABS,BWD?startPeriod=2021"
ABS,CONFINEMENTS_NUPTIALITY,1.0.0,"Confinements, by nuptiality, by state","https://api.data.abs.gov.au/data/ABS,CONFINEMENTS_NUPTIALITY/13...A?startPeriod=2010"
ABS,CONFINEMENTS_PLURALITY,1.0.0,"Confinements, by plurality, by state","https://api.data.abs.gov.au/data/ABS,CONFINEMENTS_PLURALITY/13...A?startPeriod=2010"
ABS,COVID_HI,1.0.0,"Household Impacts of COVID-19 Survey, Household Income","https://api.data.abs.gov.au/data/ABS,COVID_HI/.PROP....M?startPeriod=2020-01"
ABS,COVID_HS,1.0.0,"Household Impacts of COVID-19 Survey, Household Spending","https://api.data.abs.gov.au/data/ABS,COVID_HS/.PROP....M?startPeriod=2020-01"
ABS,COVID_SALTS,1.0.0,"Household Impacts of COVID-19 Survey by Sex, Age and Location","https://api.data.abs.gov.au/data/ABS,COVID_SALTS/.PROP.PERSONS...M?startPeriod=2020-01"
ABS,COVID_SC,1.0.0,"Household Impacts of COVID-19 Survey, Selected Characteristics","https://api.data.abs.gov.au/data/ABS,COVID_SC/SEJS.PROP....M?startPeriod=2020-01"
ABS,CPI,1.0.0,Consumer Price Index,"https://api.data.abs.gov.au/data/ABS,CPI/2+3.10001+20001+20002+20003+20004+20005+20006+115486+115488+115489+115493+126670+999901+999902+999903.10+20.50.Q?startPeriod=2020-Q3"
ABS,CWD,1.0.0,"Construction Work Done, Preliminary","https://api.data.abs.gov.au/data/ABS,CWD?startPeriod=2020-Q1"
ABS,DEATHS_AGESPECIFIC_OCCURENCEYEAR,1.0.0,"Deaths, Year of occurrence, Age at death, Age-specific death rates, Sex, States, Territories and Australia","https://api.data.abs.gov.au/data/ABS,DEATHS_AGESPECIFIC_OCCURENCEYEAR"
ABS,DEATHS_AGESPECIFIC_REGISTRATIONYEAR,1.0.0,"Deaths, Year of registration, Age at death, Age-specific death rates, Sex, States, Territories and Australia","https://api.data.abs.gov.au/data/ABS,DEATHS_AGESPECIFIC_REGISTRATIONYEAR/12.3..AUS.A?startPeriod=2015"
ABS,DEATHS_AGESPECIFIC_REGISTRATIONYEAR_1,1.0.0,"Deaths, Year of registration, Age at death, Sex, Australia","https://api.data.abs.gov.au/data/ABS,DEATHS_AGESPECIFIC_REGISTRATIONYEAR_1/12.3..AUS.A?startPeriod=2015"
ABS,DEATHS_INDIGENOUS,1.0.0,"Deaths, Year of registration, Indigenous status, Age at death, Sex, Five State/Territory","https://api.data.abs.gov.au/data/ABS,DEATHS_INDIGENOUS?startPeriod=2015"
ABS,DEATHS_INDIGENOUS_SUMMARY,1.0.0,"Deaths, Year of registration, Indigenous status, Summary data, Sex, States, Territories and Australia","https://api.data.abs.gov.au/data/ABS,DEATHS_INDIGENOUS_SUMMARY?startPeriod=2015"
ABS,DEATHS_MARITAL_STATUS,1.0.0,"Deaths, Year of registration, Marital status, Age at death, Sex, Australia","https://api.data.abs.gov.au/data/ABS,DEATHS_MARITAL_STATUS?startPeriod=2015"
ABS,DEATHS_MONTHOCCURENCE,1.0.0,"Deaths and Infant deaths, Year and months of occurrence, Sex, States, Territories and Australia","https://api.data.abs.gov.au/data/ABS,DEATHS_MONTHOCCURENCE?startPeriod=2015"
ABS,DEATHS_SUMMARY,1.0.0,"Deaths, Year of registration, Summary data, Sex, States, Territories and Australia","https://api.data.abs.gov.au/data/ABS,DEATHS_SUMMARY?startPeriod=2015"
ABS,DEM_QIM,1.0.0,Interstate Migration by States and Territories of Arrival and Departure by Sex,"https://api.data.abs.gov.au/data/ABS,DEM_QIM/3...Q?startPeriod=2020-Q3"
ABS,ERP_ASGS2016,1.0.0,"ERP by SA2 (ASGS 2016), Age and Sex, 2001 Onwards","https://api.data.abs.gov.au/data/ABS,ERP_ASGS2016/...STE..A?startPeriod=2019"
ABS,ERP_COB,1.0.0,"Estimated resident population, Country of birth, Age and sex - as at 30 June 1996 to 2019","https://api.data.abs.gov.au/data/ABS,ERP_COB/TOT.3..AUS.A"
ABS,ERP_COMP_LGA2019,1.0.0,"ERP and components by LGA (ASGS 2019), 2017 to 2019","https://api.data.abs.gov.au/data/ABS,ERP_COMP_LGA2019/.STE..A?startPeriod=2019"
ABS,ERP_COMP_SA,1.0.0,"ERP and components by SA2 and above (ASGS 2016), 2017 onwards","https://api.data.abs.gov.au/data/ABS,ERP_COMP_SA/.STE..A?startPeriod=2019"
ABS,ERP_LGA2019,1.0.0,"ERP by LGA (ASGS 2019), 2001 to 2019","https://api.data.abs.gov.au/data/ABS,ERP_LGA2019/.3..0+1+2+3+4+5+6+7+8+9.A?startPeriod=2019"
ABS,ERP_Q,1.0.0,"Quarterly Population Estimates (ERP), by State/Territory, Sex and Age","https://api.data.abs.gov.au/data/ABS,ERP_Q/1.3.TOT..Q?startPeriod=2019-Q2"
ABS,EWD,1.0.0,"Engineering Construction Work Done, Preliminary","https://api.data.abs.gov.au/data/ABS,EWD?startPeriod=2020-Q1"
ABS,FERTILITY_AGE_STATE,1.0.0,"Fertility, by age, by state","https://api.data.abs.gov.au/data/ABS,FERTILITY_AGE_STATE/1..AUS.A?startPeriod=2010"
ABS,INFANTDEATHS_REGISTRATIONYEAR,1.0.0,"Infant deaths and Infant mortality rates, Year of registration, Age at death, Sex, States, Territories and Australia","https://api.data.abs.gov.au/data/ABS,INFANTDEATHS_REGISTRATIONYEAR/3+4+9....A?startPeriod=2015"
ABS,INFANTDEATHS_YEAROCCURENCE,1.0.0,"Infant deaths, Year of occurrence, Age at death, Sex, Australia","https://api.data.abs.gov.au/data/ABS,INFANTDEATHS_YEAROCCURENCE/8....A?startPeriod=2015"
ABS,ITGS,1.0.0,International Trade in Goods and Services,"https://api.data.abs.gov.au/data/ABS,ITGS/M1...AUS.M?startPeriod=2021-01"
ABS,ITPI_EXP,1.0.0,Export Price Index,"https://api.data.abs.gov.au/data/ABS,ITPI_EXP/2+3.8093697+8093698+8093699+8093700+8093701+8093702+8093703+8093704+8093705+8093706+8093707.Q?startPeriod=2020-Q3"
ABS,ITPI_IMP,1.0.0,Import Price Index,"https://api.data.abs.gov.au/data/ABS,ITPI_IMP/2+3+4+5.6011001+6013001+6013002+6013003+6013004+6013005+6013006+6013007+6013008+6013009+6013010.Q?startPeriod=2020-Q3"
ABS,JV,1.0.0,Job Vacancies,"https://api.data.abs.gov.au/data/ABS,JV/M1..TOT..AUS.Q?startPeriod=2018-Q1&endPeriod=2020-Q1"
ABS,LC_CM_15,1.0.0,"Change matrix for Land Cover, Statistical Area Level 2 (SA2), 2010 and 2015","https://api.data.abs.gov.au/data/ABS,LC_CM_15/..101021007..A?startPeriod=2015"
ABS,LC_PA_15,1.0.0,"Physical Account for Land Cover, Statistical Area Level 2 (SA2), 2010 and 2015","https://api.data.abs.gov.au/data/ABS,LC_PA_15/..101021007..A?startPeriod=2015"
ABS,LCI,1.0.0,Selected Living Cost Indexes,"https://api.data.abs.gov.au/data/ABS,LCI/.10001..50.Q?startPeriod=2018-Q1&endPeriod=2020-Q1"
ABS,LEND_BUSINESS,1.0.0,Lending Indicators Business Finance,"https://api.data.abs.gov.au/data/ABS,LEND_BUSINESS/..DV5185....AUS.M?startPeriod=2021-01"
ABS,LEND_HOUSING,1.0.0,Lending Indicators Housing Finance,"https://api.data.abs.gov.au/data/ABS,LEND_HOUSING/......AUS.M?startPeriod=2021-01"
ABS,LEND_PERSONAL,1.0.0,Lending Indicators Personal Finance,"https://api.data.abs.gov.au/data/ABS,LEND_PERSONAL/1.....AUS.M?startPeriod=2021-01"
ABS,LF,1.0.0,Labour Force,"https://api.data.abs.gov.au/data/ABS,LF/M9.3.1599.20+30.AUS.M?startPeriod=2020-08"
ABS,LT_CM_16,1.0.0,"Change matrix for Land Tenure, Statistical Area Level 2 (SA2), 2010-11 and 2015-16","https://api.data.abs.gov.au/data/ABS,LT_CM_16/..101021007..A?startPeriod=2016"
ABS,LT_PA_16,1.0.0,"Physical Account for Land Tenure, Statistical Area Level 2 (SA2), 2010-11 and 2015-16","https://api.data.abs.gov.au/data/ABS,LT_PA_16/..101021007..A?startPeriod=2016"
ABS,MERCH_EXP,1.0.0,"Merchandise Exports by Commodity (SITC), Country and State","https://api.data.abs.gov.au/data/ABS,MERCH_EXP/0+1+2+3+4+5+6+7+8+9+TOT.TOT.TOT.M?startPeriod=2021-01"
ABS,MERCH_IMP,1.0.0,"Merchandise Imports by Commodity (SITC), Country and State","https://api.data.abs.gov.au/data/ABS,MERCH_IMP/0+1+2+3+4+5+6+7+8+9+TOT.TOT.TOT.M?startPeriod=2021-01"
ABS,MIN_EXP,1.0.0,Mineral Exploration,"https://api.data.abs.gov.au/data/ABS,MIN_EXP/1...10..Q?startPeriod=2019"
ABS,NIM_CY,1.0.0,"Interstate migration: Arrivals, departures and net, State/territory, Age and sex - Calendar years, 1997 onwards","https://api.data.abs.gov.au/data/ABS,NIM_CY/1+2+3.TOT.3..A?startPeriod=2017"
ABS,NIM_FY,1.0.0,"Interstate migration: Arrivals, departures and net, State/territory, Age and sex - Financial years, 1996-97 onwards","https://api.data.abs.gov.au/data/ABS,NIM_FY/1+2+3.TOT.3..A?startPeriod=2017"
ABS,NOM_CY,1.0.0,"Net overseas migration, Arrivals, departures and net, State/territory, Age and sex - Calendar years, 2004 onwards","https://api.data.abs.gov.au/data/ABS,NOM_CY/1+2+3.TOT.1+2+3..A?startPeriod=2010"
ABS,NOM_FY,1.0.0,"Net overseas migration: Arrivals, departures and net, State/territory, Age and sex - Financial years, 2004-05 onwards","https://api.data.abs.gov.au/data/ABS,NOM_FY/1+2+3.TOT.1+2+3..A?startPeriod=2010"
ABS,OAD_COUNTRY,1.0.0,"Visitor arrivals and resident returns, Selected Countries of Residence/Destinations","https://api.data.abs.gov.au/data/ABS,OAD_COUNTRY/..10.M?startPeriod=2020-06"
ABS,OAD_REASON,1.0.0,"Visitor arrivals and resident returns, Intended Length of Stay and Main Reason for Journey","https://api.data.abs.gov.au/data/ABS,OAD_REASON/...10.M?startPeriod=2020-06"
ABS,PATERNITY_AGE_STATE,1.0.0,"Paternity, by age, by state","https://api.data.abs.gov.au/data/ABS,PATERNITY_AGE_STATE/1..AUS.A?startPeriod=2010"
ABS,PET_EXP,1.0.0,Petroleum Exploration,"https://api.data.abs.gov.au/data/ABS,PET_EXP/1....10..Q?startPeriod=2019"
ABS,POPULATION_CLOCK,1.0.0,Population Clock Component Data,"https://api.data.abs.gov.au/data/ABS,POPULATION_CLOCK"
ABS,POP_PROJ_2011,1.0.0,"Population Projections, Australia, 2017-2066","https://api.data.abs.gov.au/data/ABS,POP_PROJ_2011/0.1+2+3.TT.1.1.1.A?startPeriod=2017"
ABS,POP_PROJ_REGION_2012_2061,1.0.0,"Population Projections by Region, 2017-2066","https://api.data.abs.gov.au/data/ABS,POP_PROJ_REGION_2012_2061/0+1+2+3+4+5+6+7+8+11+12+21+22+31+32+41+42+51+52+61+62+71+72.3.TT.1.1.1.1.A?startPeriod=2017"
ABS,PPI,1.0.0,Producer Price Indexes by Industry,"https://api.data.abs.gov.au/data/ABS,PPI/1..OUTPUT.Q?startPeriod=2018"
ABS,PPI_FD,1.0.0,"Producer Price Indexes, Final Demand","https://api.data.abs.gov.au/data/ABS,PPI_FD/.....Q?startPeriod=2018"
ABS,QBIS,1.0.0,Business Indicators,"https://api.data.abs.gov.au/data/ABS,QBIS/..B+C+D+F+G+H..10+20..Q?startPeriod=2020"
ABS,RES_DWELL,1.0.0,"Residential Dwellings: Unstratified Medians and Transfer Counts by Dwelling Type, GCCSA and Rest of State","https://api.data.abs.gov.au/data/ABS,RES_DWELL/3..Q?startPeriod=2020"
ABS,RES_DWELL_ST,1.0.0,"Residential Dwellings: Values, Mean Price and Number by State and Territories","https://api.data.abs.gov.au/data/ABS,RES_DWELL_ST/..Q?startPeriod=2018"
ABS,RIME_LGA2011,1.0.0,"Regional Internal Migration Estimates by LGA2011, 2006-07 to 2015-16","https://api.data.abs.gov.au/data/ABS,RIME_LGA2011/.STE..A?startPeriod=2007"
ABS,RIME_REGION,1.0.0,"Regional Internal Migration Estimates by Region (SA2 and above), 2006-07 to 2015-16","https://api.data.abs.gov.au/data/ABS,RIME_REGION/.STE..A?startPeriod=2007"
ABS,RIME_SA4_GCCSA_STE,1.0.0,"RIME by region of arrival by departure, SA4 and above (ASGS 2016), 2016-17 onwards","https://api.data.abs.gov.au/data/ABS,RIME_SA4_GCCSA_STE/1+2+3+4+5+6+7+8.1+2+3+4+5+6+7+8.A"
ABS,RIM_SA4_GCCSA_STE_H,1.0.0,"Regional Internal Migration Estimates by Region of Arrival and Departure (SA4 and above), 2006-07 to 2015-16","https://api.data.abs.gov.au/data/ABS,RIM_SA4_GCCSA_STE_H/1+2+3+4+5+6+7+8.1+2+3+4+5+6+7+8.A?startPeriod=2016"
ABS,RIN_SA34_GCCSA_STE,1.0.0,"Regional Internal Migration Estimates by Region (SA3 and above), Age and Sex, 2006-07 to 2015-16","https://api.data.abs.gov.au/data/ABS,RIN_SA34_GCCSA_STE/3..3.STE..A?startPeriod=2016"
ABS,RPPI,1.0.0,Residential Property Price Index,"https://api.data.abs.gov.au/data/ABS,RPPI/2+3.3..Q?startPeriod=2020-Q1"
ABS,RT,1.0.0,Retail Trade,"https://api.data.abs.gov.au/data/ABS,RT/.20+41+42+43+44+45+46..AUS.M?startPeriod=2020-07"
ABS,RT_AGG,1.0.0,"Retail Trade, Key Statistics","https://api.data.abs.gov.au/data/ABS,RT_AGG/.41+42+43+44+45+46+20..AUS.M?startPeriod=2021"
ABS,SEIFA_POA,1.0.0,SEIFA 2011 by Postal Area Code (POA),"https://api.data.abs.gov.au/data/ABS,SEIFA_POA/800..?startPeriod=2011-Q1"
ABS,SEIFA_SA1,1.0.0,SEIFA 2011 by Statistical Area 1 (SA1),"https://api.data.abs.gov.au/data/ABS,SEIFA_SA1/1100102..?startPeriod=2011-Q1"
ABS,SEIFA_SSC,1.0.0,SEIFA 2011 by State Suburb Code (SSC),"https://api.data.abs.gov.au/data/ABS,SEIFA_SSC/10001..?startPeriod=2011-Q1"
ABS,WPI,1.0.0,Wage Price Index,"https://api.data.abs.gov.au/data/ABS,WPI/.THRPEB..TOT..AUS.Q?startPeriod=2019"
